axis,benchmark,category,loading_median,hdi_low,hdi_high,sign_confident,method
axis1,OTIS Mock AIME 2024-2025,,2.1300459287236766,1.4515037400173652,2.495719090777081,True,varimax
axis1,MATH Level 5,,1.6650676177534924,1.1526911066013237,1.9915915615140374,True,varimax
axis1,Chess Puzzles,,1.4231931471781216,0.8224739067038959,1.9330726901172133,True,varimax
axis1,ARC-AGI-2,,1.1751133657594282,0.2253518769361783,3.3189457577834327,True,varimax
axis1,CritPt,,1.1481311067141453,0.674772775190791,1.6531005718925114,True,varimax
axis1,FrontierMath,,1.0345294761274204,0.6990504023095372,1.4246400849846315,True,varimax
axis1,BioLP-bench,,0.9148392119283205,0.5183025589779104,1.241917834949017,True,varimax
axis1,ARC-AGI,,0.9025937318288415,0.2922286623276956,2.287833867259902,True,varimax
axis1,Fiction.LiveBench,,0.8838364657416303,0.23771953711989735,1.4312152376010976,True,varimax
axis1,FrontierMath Tier 4,,0.8619278117929037,0.202942214608352,1.6916852224390617,True,varimax
axis1,Humanity's Last Exam,,0.8215030593527632,0.518255115889735,1.122747895301062,True,varimax
axis1,VisualToolBench,,0.8032892166134745,0.3647148525865459,1.220150871480593,True,varimax
axis1,SimpleQA Verified,,0.7922950982775008,0.29732826000344886,1.1942234270598984,True,varimax
axis1,EnigmaEval,,0.7812781969453764,0.2845638987956971,1.1732518478963514,True,varimax
axis1,GPQA Diamond,,0.7630969850181943,0.542350935373709,0.9379443746652651,True,varimax
axis1,APEX Agents,,0.7423219355340418,0.21072280449074876,1.1692459724384938,True,varimax
axis1,MMLU Pro Chemistry,,0.6889167944403423,0.1312913195857834,1.0122066860970174,True,varimax
axis1,GPQA Diamond Chemistry,,0.6690762659388884,0.44783449677496046,1.0038889374765467,True,varimax
axis1,GPQA Main Chemistry,,0.6052888466493379,0.366592357075593,0.8261788575939917,True,varimax
axis1,The Agent Company,,0.5978839831148326,-0.11274189087585139,1.354516756138353,False,varimax
axis1,Aider Polyglot,,0.5875814744374923,-0.04504385085856318,1.5018836014372443,False,varimax
axis1,LiveBench,,0.5711916717721157,0.2900728635507552,0.7839577752382367,True,varimax
axis1,VPCT,,0.569808029983307,0.20356821608178594,0.8922810721521999,True,varimax
axis1,TerminalBench,,0.5513744715356337,0.016733350655895332,1.2375196262277297,True,varimax
axis1,GPQA Main Biology,,0.538853727430342,0.2113799128463932,0.7713270390680731,True,varimax
axis1,MultiNRC,,0.49817964904596307,0.1360038352329601,0.946388569854157,True,varimax
axis1,WeirdML,,0.48601192521259795,0.17119910421089043,0.768521336342252,True,varimax
axis1,GPQA Diamond Biology,,0.4798268700181777,0.1514731544582748,0.7790978069262933,True,varimax
axis1,LAB-Bench SeqQA,,0.4583436995677975,0.2851840796038638,0.6673402942573721,True,varimax
axis1,CursorBench,,0.43465148998199066,0.1356212635935743,0.887149562357873,True,varimax
axis1,WMDP Chemistry,,0.4199740763067422,-0.11441412790443922,0.5850263903885832,False,varimax
axis1,CL-Bench Life,,0.40055437121339016,-0.09313974620194901,0.7622729065855764,False,varimax
axis1,SEAL Instruction Following,,0.3951632972433766,0.10547716480894978,0.6572734468638021,True,varimax
axis1,MMLU Chemistry,,0.3716296842495581,0.19962818280955907,0.5480754373181375,True,varimax
axis1,MMLU Pro Biology,,0.3460786427010807,-0.29192206875427507,0.7269873770772957,False,varimax
axis1,MCP Atlas,,0.32456596566043905,-0.17544581978487633,0.8425563787390002,False,varimax
axis1,SEAL Tool Use (Enterprise),,0.3185759831560938,-0.08971864097544244,0.769965667387729,False,varimax
axis1,LAB-Bench Cloning,,0.3131530622871659,0.05729423818838724,0.5766911098735918,True,varimax
axis1,LAB-Bench Protocol,,0.292013304056134,0.07854518996037486,0.5337875713569098,True,varimax
axis1,CAD-Eval,,0.2863767956726309,-0.2046388197035917,1.1052381618066145,False,varimax
axis1,WMDP Biology,,0.28471335438352596,-0.22794793534201158,0.5026523226868853,False,varimax
axis1,SciCode,,0.2794752670711824,0.12389664904818251,0.43306109146698446,True,varimax
axis1,MultiChallenge,,0.2748492604371008,-0.07810518431884592,0.5543905719930997,False,varimax
axis1,Visual Task Assessment (VISTA),,0.23756221240921696,0.13324658980537255,0.3727992579759625,True,varimax
axis1,ExploitBench,,0.23741340465422495,-0.46161242394610164,0.9866879316981283,False,varimax
axis1,AudioMultiChallenge,,0.22354108300872544,-0.21799194654013596,0.6562505454471405,False,varimax
axis1,BALROG,,0.20992099247410134,-0.11299444748598043,0.6182697505686161,False,varimax
axis1,CL-Bench,,0.20894737697603083,-0.2056074685729665,0.5098926356091642,False,varimax
axis1,SimpleBench,,0.19883001972454675,-0.08066372200164311,0.8577377049274442,False,varimax
axis1,METR Time Horizons,,0.19055909892230743,-0.1388399377330898,0.6468079605192975,False,varimax
axis1,OS World 2,,0.17003826501081692,-0.6115788153910504,0.8697471362761194,False,varimax
axis1,Cybench,,0.16952908716312215,-0.525461383202096,1.3788270531324918,False,varimax
axis1,TutorBench,,0.15989614727747992,0.006672508305055538,0.33044258057040227,True,varimax
axis1,GeoBench,,0.15966904566744095,-0.2610842011151144,0.4960407756441486,False,varimax
axis1,GSO-Bench,,0.15459411733592937,-0.5113784354418561,1.2664131167087467,False,varimax
axis1,OS World (Screenshot),,0.1539370029777306,-0.5031915372105347,1.074037587898377,False,varimax
axis1,PostTrainBench,,0.15364580779226206,-0.19866057227710537,0.660118979423823,False,varimax
axis1,FrontierCode,,0.138240887732954,-0.5514889302265868,0.8961960493178339,False,varimax
axis1,SWE-Bench Verified,,0.11552699990369539,-0.2633873432598416,0.6372248621417262,False,varimax
axis1,SWE-Bench Pro (Private),,0.11466288983737266,-0.4870083257796954,0.966276207769921,False,varimax
axis1,LAB-Bench LitQA2,,0.11256082116892693,-0.0035452555151303366,0.2777375266379861,False,varimax
axis1,MMLU Biology,,0.10456316728006748,-0.038024975524297906,0.28564314433302085,False,varimax
axis1,SWE-Bench Pro,,0.08875669384517401,-0.46064977110520894,0.7223013732459698,False,varimax
axis1,Lech Mazur Writing,,0.08407489625270122,-0.22917805305100344,0.397061267246943,False,varimax
axis1,PRBench Legal,,0.05525953227124897,-0.36236445371381854,0.3486517715054264,False,varimax
axis1,LAMBADA,,0.044903747491927104,-0.2174077407121502,0.26075977820334834,False,varimax
axis1,PRBench Finance,,0.03627056475447388,-0.3548896387902136,0.36610046920714684,False,varimax
axis1,ForecastBench,,0.03129295225347922,-0.033039236237025205,0.07431552736209902,False,varimax
axis1,Video-MME,,0.02109295871767842,-0.3594822897577718,0.4041763948042263,False,varimax
axis1,TriviaQA,,0.020357445798052272,-0.21980611448361184,0.38778133984260627,False,varimax
axis1,Remote Labor Index,,-0.011828914745447354,-0.9691485493868408,0.8189778727812831,False,varimax
axis1,DeepResearchBench,,-0.020140158954746933,-0.26112047368942204,0.32158174239351933,False,varimax
axis1,PIQA,,-0.07321660463040068,-0.1655181978215483,0.12203986644862867,False,varimax
axis1,WinoGrande,,-0.08843635502562289,-0.2398515498261255,0.2235614606082671,False,varimax
axis1,MMLU,,-0.11469762938377766,-0.40514367463413353,0.4911922277287718,False,varimax
axis1,BoolQ,,-0.17577711697819992,-0.3360689918009087,0.24150033989291134,False,varimax
axis1,HellaSwag,,-0.19692227612079988,-0.4367802141050498,0.292077543572228,False,varimax
axis1,GSM8K,,-0.22789084722717545,-0.997391204676822,0.868832330303334,False,varimax
axis1,BIG-Bench Hard (BBH),,-0.2336098606253446,-0.4874069580517447,0.416981164831765,False,varimax
axis1,SuperGLUE,,-0.2974401408990537,-0.6286617896494108,0.27509331323470704,False,varimax
axis1,CSQA2,,-0.32422899843432806,-0.6293745970978851,0.22155698222815107,False,varimax
axis1,ScienceQA,,-0.3633325162319603,-0.694311959967207,0.016194087934217165,False,varimax
axis1,Adversarial NLI,,-0.40622878999933487,-0.7381070046159418,-0.0009274771804245048,True,varimax
axis1,ARC (AI2),,-0.5675394817299177,-0.8267987800638724,0.1824988174932705,False,varimax
axis1,OpenBookQA,,-0.5956195337641454,-0.8314944242024894,0.0823549625876315,False,varimax
axis2,ARC-AGI-2,,2.128899743082215,-0.13184017065366502,2.9576706844931655,False,varimax
axis2,ARC-AGI,,1.4674088207930174,-0.0957053957594171,2.0229715724862176,False,varimax
axis2,Cybench,,1.3364328427118302,0.4608493756814404,1.9127575675953108,True,varimax
axis2,GSO-Bench,,1.2808352276437505,0.4952727702034457,1.7504197308772338,True,varimax
axis2,Aider Polyglot,,1.2297827336020233,0.22488435352187885,1.6997493238760109,True,varimax
axis2,FrontierMath Tier 4,,0.991510144202232,-0.3447325933755701,1.8549815927155513,False,varimax
axis2,CAD-Eval,,0.9648889510810725,0.23952702860179226,1.4412461017684592,True,varimax
axis2,TerminalBench,,0.9635919025492456,0.17035886966697542,1.3461690624907288,True,varimax
axis2,The Agent Company,,0.8930230277209419,0.038124921717272386,1.6334378752199257,True,varimax
axis2,SWE-Bench Pro (Private),,0.8547677685622258,0.10456332307991462,1.2153615511387281,True,varimax
axis2,CritPt,,0.7602626039399534,-0.6040878786292069,1.250640412207184,False,varimax
axis2,APEX Agents,,0.729794983264145,-0.19608062196535134,1.0705390121646052,False,varimax
axis2,MultiNRC,,0.6965300566773508,0.0314668333160744,0.9565247016055948,True,varimax
axis2,SWE-Bench Pro,,0.6856261275425762,0.18940620582448597,1.0490614911077767,True,varimax
axis2,FrontierMath,,0.6776270355243975,-0.5569887093727025,1.1421831378256924,False,varimax
axis2,SimpleBench,,0.6464570143412407,-0.025285243201203712,0.8643997517967211,False,varimax
axis2,Remote Labor Index,,0.6432729036390826,-0.06947730227924596,1.3470240030121932,False,varimax
axis2,Fiction.LiveBench,,0.6336044093014039,-0.3383006281949627,1.1955558112003875,False,varimax
axis2,EnigmaEval,,0.6266004210286802,-0.20260289277360455,1.0801972521976417,False,varimax
axis2,OTIS Mock AIME 2024-2025,,0.6028316965107905,-1.4592376415387838,1.370706978118943,False,varimax
axis2,MATH Level 5,,0.601627244765112,-1.0632894855483208,1.1748393669321668,False,varimax
axis2,SWE-Bench Verified,,0.5997978243191189,0.1386627033437306,0.8949250086877992,True,varimax
axis2,OS World (Screenshot),,0.5982517674150154,-0.2108865049661591,1.2357832368164157,False,varimax
axis2,VisualToolBench,,0.5853212180841294,-0.35155957141565847,1.2214230279515312,False,varimax
axis2,METR Time Horizons,,0.5834834889391051,0.046832962897109226,0.7764909858476776,True,varimax
axis2,ExploitBench,,0.5640894248387636,-0.3178878291244123,1.1648296957277295,False,varimax
axis2,CursorBench,,0.5574487132398178,-0.11612353045684204,0.8368242068835635,False,varimax
axis2,MCP Atlas,,0.5513560400710382,-0.06606428984724315,0.969645358690972,False,varimax
axis2,OS World 2,,0.5226258041020312,-0.3045727143272035,1.1867685734393745,False,varimax
axis2,Humanity's Last Exam,,0.5220411137376758,-0.39891687673677106,0.9213659630140141,False,varimax
axis2,PostTrainBench,,0.5022945930221374,0.047286659073515584,0.9283254548937321,True,varimax
axis2,WeirdML,,0.4981573636004324,-0.04828130108824387,0.7421047660438784,False,varimax
axis2,FrontierCode,,0.49272590728041743,-0.2976126798818394,1.100580476888744,False,varimax
axis2,SimpleQA Verified,,0.40990708824990396,-0.2838736489761906,0.910064320852183,False,varimax
axis2,BALROG,,0.37824359679060904,-0.17025188358211502,0.6316317050453462,False,varimax
axis2,GPQA Diamond Chemistry,,0.36075476371946746,-0.39610319797097426,0.7169720759127813,False,varimax
axis2,AudioMultiChallenge,,0.33567651356278194,-0.21038026034001062,0.7113968704504718,False,varimax
axis2,GPQA Diamond,,0.31376028238970527,-0.493020944889757,0.5865028452257978,False,varimax
axis2,GPQA Main Chemistry,,0.3047659867122974,-0.36038173454390543,0.547249640539719,False,varimax
axis2,DeepResearchBench,,0.30433847937447267,-0.005390492187317423,0.5256969241729711,False,varimax
axis2,Lech Mazur Writing,,0.27314264824682727,-0.039459268551039955,0.5039043302891744,False,varimax
axis2,LiveBench,,0.26986450991886435,-0.2247298898558959,0.6076737904402175,False,varimax
axis2,BioLP-bench,,0.26167106510663735,-0.5758239332443099,0.8224523520624686,False,varimax
axis2,LAB-Bench SeqQA,,0.2593941251159172,-0.24897676654130452,0.4705961561820593,False,varimax
axis2,CSQA2,,0.24674529527234618,-0.44422404394338194,0.6157968773182841,False,varimax
axis2,SciCode,,0.24364863471365936,-0.10347347981372598,0.3646776305432688,False,varimax
axis2,PRBench Finance,,0.2361103499560022,-0.040960074385303025,0.6842360132731755,False,varimax
axis2,MultiChallenge,,0.22251162327003518,-0.13435755860662577,0.5231882124090322,False,varimax
axis2,PRBench Legal,,0.21419573702815312,-0.036901746421003634,0.6909785352082263,False,varimax
axis2,Chess Puzzles,,0.2095884785843728,-1.1701217736888132,1.195986358112898,False,varimax
axis2,VPCT,,0.20063963525349054,-0.4312160456993056,0.6744985699786702,False,varimax
axis2,MMLU Chemistry,,0.1940886796661973,-0.18975393819849282,0.39369141375791084,False,varimax
axis2,TutorBench,,0.1725351679885439,-0.06315649662789628,0.3034100536943993,False,varimax
axis2,HellaSwag,,0.16703744113516739,-0.4828969561816456,0.5278405716519866,False,varimax
axis2,CL-Bench Life,,0.1464265248689854,-0.4249003832206482,0.5466517484467835,False,varimax
axis2,LAMBADA,,0.14447168341369193,-0.2324212285439786,0.3276632669159859,False,varimax
axis2,SEAL Instruction Following,,0.14147719771791756,-0.29123860564934656,0.5227598468745172,False,varimax
axis2,GPQA Main Biology,,0.13923024235071796,-0.38179863621074284,0.4414474090404719,False,varimax
axis2,LAB-Bench LitQA2,,0.13579675070645789,-0.04450042222103339,0.2779713172027964,False,varimax
axis2,GPQA Diamond Biology,,0.13081887411812657,-0.362116166947077,0.4467708873676421,False,varimax
axis2,TriviaQA,,0.12625834933598812,-0.39101241515573115,0.37025086048327,False,varimax
axis2,Visual Task Assessment (VISTA),,0.12565209576113567,-0.0951757937550175,0.3258381461879814,False,varimax
axis2,SEAL Tool Use (Enterprise),,0.11548636049477641,-0.30304155179654785,0.5614023326592702,False,varimax
axis2,CL-Bench,,0.08382338437123626,-0.2738726351486251,0.3431039000667614,False,varimax
axis2,WinoGrande,,0.08151818038284132,-0.24391844855066178,0.3131135704744878,False,varimax
axis2,LAB-Bench Cloning,,0.08085244437181555,-0.23142598576399592,0.391471728326998,False,varimax
axis2,MMLU Biology,,0.078501619180533,-0.08992193482522187,0.19785813712838152,False,varimax
axis2,LAB-Bench Protocol,,0.07048227824133507,-0.19611434488094115,0.34250612242435674,False,varimax
axis2,GeoBench,,0.03824063089259076,-0.2985569058528586,0.30982199055269277,False,varimax
axis2,Adversarial NLI,,0.03527695813353031,-0.463502431097175,0.5853413883220991,False,varimax
axis2,MMLU Pro Chemistry,,0.03217215792425601,-0.5327270662299652,0.6221426713172402,False,varimax
axis2,PIQA,,0.02942315263135421,-0.17835345363340716,0.1820299381764111,False,varimax
axis2,ForecastBench,,0.024396828732368373,-0.03646625359616919,0.09430314470878098,False,varimax
axis2,BoolQ,,-0.034570576886536364,-0.31381439183972504,0.3200666155697666,False,varimax
axis2,SuperGLUE,,-0.04021831364420464,-0.4419953292489646,0.43048124012055544,False,varimax
axis2,ScienceQA,,-0.06959285448406466,-0.4425488681420242,0.46224557029057833,False,varimax
axis2,MMLU Pro Biology,,-0.10650604784582535,-0.4927310390560102,0.6189281071005689,False,varimax
axis2,BIG-Bench Hard (BBH),,-0.11534594436749057,-0.5559628104185573,0.31601989311663764,False,varimax
axis2,MMLU,,-0.14028484374353278,-0.5208916031242392,0.20366854472269272,False,varimax
axis2,WMDP Chemistry,,-0.14559115290708025,-0.40507612774632024,0.38376168968596047,False,varimax
axis2,OpenBookQA,,-0.18260001510549,-0.6108072217489093,0.6385131157820757,False,varimax
axis2,WMDP Biology,,-0.20801120013505875,-0.4349925876262895,0.33949311397520415,False,varimax
axis2,ARC (AI2),,-0.2256847304244729,-0.6862809689634518,0.6104117027853958,False,varimax
axis2,Video-MME,,-0.2755717766574095,-0.4459805772787293,0.05134917828157246,False,varimax
axis2,GSM8K,,-0.5139657602389596,-1.2946436596244946,0.32640647381635807,False,varimax
axis3,GSM8K,,1.765832414657667,1.1622416840361287,2.1953452183036832,True,varimax
axis3,BIG-Bench Hard (BBH),,0.8977694073432281,0.6760941597160912,1.0923957394345423,True,varimax
axis3,ARC (AI2),,0.8818681751825337,0.617968498423728,1.1353113087608548,True,varimax
axis3,MMLU,,0.8391967586303288,0.6080577049164376,0.9693619417365974,True,varimax
axis3,SimpleQA Verified,,0.7351916625094821,-0.09645858079019833,1.2093662857408642,False,varimax
axis3,OpenBookQA,,0.684644312189269,0.40312670993484423,0.9645938508805119,True,varimax
axis3,MMLU Pro Chemistry,,0.6124993129659293,0.18433057738033,0.9913356940064034,True,varimax
axis3,MMLU Pro Biology,,0.5928282593708656,0.22203806300643963,0.9234115046470857,True,varimax
axis3,SuperGLUE,,0.5809101462669306,0.033404324743808035,0.9760502446296666,True,varimax
axis3,BoolQ,,0.578529565763982,0.4225669146698116,0.6849174295272487,True,varimax
axis3,HellaSwag,,0.5779433887920713,0.360665954051338,0.7506791192845768,True,varimax
axis3,BioLP-bench,,0.5369633481020306,-0.1407974932480708,1.0711164551854793,False,varimax
axis3,TriviaQA,,0.48179303855967937,0.23528960355142567,0.7051184685928268,True,varimax
axis3,GeoBench,,0.47057303147351603,-0.0032507591536062807,1.036833916775431,False,varimax
axis3,Aider Polyglot,,0.46267051188551045,-0.5918693684087907,0.8863423416788173,False,varimax
axis3,MultiNRC,,0.4585627525307776,-0.22132118731409628,0.7679783127933842,False,varimax
axis3,SEAL Tool Use (Enterprise),,0.4575523842936766,0.11274048442973522,0.7689388452091869,True,varimax
axis3,WMDP Biology,,0.4391609145757597,0.11941535700987585,0.6862067569485596,True,varimax
axis3,WinoGrande,,0.4356823493531133,0.3104670153879777,0.543703164693354,True,varimax
axis3,LAB-Bench Cloning,,0.4315263534528311,-0.015733764002430848,0.7394456697718041,False,varimax
axis3,ScienceQA,,0.4260559477363265,-0.02181134511243356,0.9408627344586011,False,varimax
axis3,EnigmaEval,,0.4248647336491914,-0.19660460290406062,0.8603619075646948,False,varimax
axis3,LAB-Bench Protocol,,0.4205422312806235,0.12786996462541272,0.6625002706947425,True,varimax
axis3,Fiction.LiveBench,,0.41937186677966587,-0.2862862682537174,0.9795801117192401,False,varimax
axis3,BALROG,,0.41817047690484044,-0.013891217902432158,0.6388317721782781,False,varimax
axis3,CAD-Eval,,0.41562761877488164,-0.6569200662038769,0.8780810978065164,False,varimax
axis3,LiveBench,,0.4045586619892158,-0.021411114661901858,0.6190577828916891,False,varimax
axis3,CSQA2,,0.38350190244873317,-0.05102500936684212,0.8540201012526467,False,varimax
axis3,Adversarial NLI,,0.3740962216043019,-0.06906153948424762,0.8042315072914888,False,varimax
axis3,WMDP Chemistry,,0.32508380786591,0.013832690997099849,0.5568023445115963,True,varimax
axis3,SimpleBench,,0.3175846745918628,-0.27287576305413697,0.6214132582269655,False,varimax
axis3,LAMBADA,,0.2953388967145152,0.06228423781951985,0.48010690117186444,True,varimax
axis3,Visual Task Assessment (VISTA),,0.2741663008018409,-0.04451172467613613,0.39853494078422397,False,varimax
axis3,VisualToolBench,,0.2720974514618437,-0.45008285192643,0.7951493880430063,False,varimax
axis3,AudioMultiChallenge,,0.27114516996530547,-0.2312115370806809,0.6023876702379287,False,varimax
axis3,PIQA,,0.2679204125451588,0.1863072666882745,0.32913606960163844,True,varimax
axis3,MultiChallenge,,0.23696446938088336,-0.09652632755757483,0.5714933360125751,False,varimax
axis3,METR Time Horizons,,0.2247831397896528,-0.22309169056178713,0.44553476580479395,False,varimax
axis3,Lech Mazur Writing,,0.22160183695214383,-0.36199712462380385,0.554972983702815,False,varimax
axis3,Video-MME,,0.21759574565724724,0.016423303759777078,0.43122083412799717,True,varimax
axis3,MMLU Biology,,0.21457425334938224,0.04837546768333326,0.4017013832539551,True,varimax
axis3,MATH Level 5,,0.1446693278515862,-0.14121104957589456,0.7994105619378445,False,varimax
axis3,Humanity's Last Exam,,0.13723496758398537,-0.21577833930547966,0.4047371895766918,False,varimax
axis3,VPCT,,0.13441247983774862,-0.22997385892710037,0.5168889420283742,False,varimax
axis3,SWE-Bench Verified,,0.13237227329523205,-0.38689534272717235,0.4343946013363487,False,varimax
axis3,MMLU Chemistry,,0.12223227620437549,-0.07330535066548143,0.4083861501872551,False,varimax
axis3,TutorBench,,0.11329707723317672,-0.08461244006695344,0.30118203181062775,False,varimax
axis3,GPQA Diamond,,0.10643901742619352,-0.15218190326649378,0.283262649534765,False,varimax
axis3,DeepResearchBench,,0.10510201860278215,-0.20041600505127938,0.38967218516941443,False,varimax
axis3,GPQA Main Biology,,0.09863383155442845,-0.20045172878156975,0.4466932291219333,False,varimax
axis3,MCP Atlas,,0.09657028022919795,-0.3952205623730766,0.812429140234892,False,varimax
axis3,LAB-Bench LitQA2,,0.09257362313720344,-0.08495868342295684,0.23936661499957848,False,varimax
axis3,PRBench Legal,,0.08113964142900482,-0.5087074699221525,0.2754959691718949,False,varimax
axis3,ForecastBench,,0.06419170305265906,-0.0058891124235311175,0.10656211469581772,False,varimax
axis3,WeirdML,,0.06414128585261429,-0.2095555674511194,0.27475667363764505,False,varimax
axis3,LAB-Bench SeqQA,,0.046518291094826136,-0.19374466555876912,0.26521101257658447,False,varimax
axis3,PRBench Finance,,0.03230845148944329,-0.49966834119376125,0.25772267697760465,False,varimax
axis3,TerminalBench,,0.028943430924127676,-0.5633672323974959,0.48249522354652385,False,varimax
axis3,SciCode,,0.028690269023865733,-0.1007828470499262,0.17691616173652086,False,varimax
axis3,ARC-AGI,,0.028589661585723215,-0.3128682195424583,0.31143886790978553,False,varimax
axis3,The Agent Company,,0.02440175182210446,-0.7442593478944646,0.942312809652265,False,varimax
axis3,GPQA Diamond Biology,,0.015904409666735085,-0.3548160567745151,0.4043582790738166,False,varimax
axis3,OTIS Mock AIME 2024-2025,,0.010671029623029422,-0.23328443575897875,1.1044964685615792,False,varimax
axis3,GPQA Main Chemistry,,-0.03563511012308951,-0.2322471721748873,0.383923142617807,False,varimax
axis3,SWE-Bench Pro,,-0.041853559972368636,-0.6536025148902062,0.4986046392133786,False,varimax
axis3,SEAL Instruction Following,,-0.062455328801496485,-0.38768812319201135,0.3026322830416854,False,varimax
axis3,FrontierMath,,-0.0862933531549373,-0.3737187657195567,0.4508053551873686,False,varimax
axis3,APEX Agents,,-0.11948262311783261,-0.5410262178268511,0.24722890129824268,False,varimax
axis3,CursorBench,,-0.15579133299013323,-0.4904793872742363,0.19491050341249308,False,varimax
axis3,GSO-Bench,,-0.1564169033773028,-0.984235721692264,0.9070740017776653,False,varimax
axis3,GPQA Diamond Chemistry,,-0.15699382005553236,-0.4806405497336612,0.19846552623846486,False,varimax
axis3,CritPt,,-0.18337794257126622,-0.5975928943503679,0.46405498684995555,False,varimax
axis3,CL-Bench,,-0.20148527026320537,-0.4711819418825523,0.15302795706339972,False,varimax
axis3,Chess Puzzles,,-0.21096587339362194,-0.68509062539149,0.9874411532386438,False,varimax
axis3,CL-Bench Life,,-0.25812563353568485,-0.6746181211633346,0.2627743335648437,False,varimax
axis3,ARC-AGI-2,,-0.30439083000167644,-0.9160233684786291,0.1683007152178185,False,varimax
axis3,SWE-Bench Pro (Private),,-0.315224138165902,-0.8095846348333281,0.12941723052272822,False,varimax
axis3,PostTrainBench,,-0.3245841348100317,-0.6816897773669655,0.5266666137995549,False,varimax
axis3,Cybench,,-0.4372871156681886,-1.095097635744254,0.6365819083753003,False,varimax
axis3,FrontierMath Tier 4,,-0.514419942391983,-1.035778526990898,0.23405570516511348,False,varimax
axis3,OS World 2,,-0.5767594590892046,-1.3709507599149624,0.6278144660767054,False,varimax
axis3,Remote Labor Index,,-0.5872171723347451,-1.0370502153680612,-0.05053800274788862,True,varimax
axis3,FrontierCode,,-0.6111556432240212,-1.3693810355910485,0.17516596161226067,False,varimax
axis3,ExploitBench,,-0.6159045966256724,-1.3634247720132089,0.2517637504000075,False,varimax
axis3,OS World (Screenshot),,-0.7054975466893282,-1.5451451936154874,0.5894997151679976,False,varimax
axis1,OTIS Mock AIME 2024-2025,,2.2629118589219575,1.9952278302014441,2.545112458262237,True,wop
axis1,ARC-AGI-2,,1.9658832059309588,1.6722301002635993,2.815909974969865,True,wop
axis1,MATH Level 5,,1.8157158380379816,1.5156435511017987,2.045063231750659,True,wop
axis1,Chess Puzzles,,1.5232525944038986,1.0968769828865037,1.9208407815815915,True,wop
axis1,ARC-AGI,,1.4531976550617713,1.2422892602362559,2.0265469860149157,True,wop
axis1,CritPt,,1.3851033885168982,1.061936820932186,1.6951914847071041,True,wop
axis1,FrontierMath,,1.2291158526658181,1.0258955126972853,1.4498294632704738,True,wop
axis1,FrontierMath Tier 4,,1.2117982324963927,0.8284783604957505,1.5491943597320008,True,wop
axis1,Fiction.LiveBench,,1.0703399696625753,0.5591743764963385,1.6298217319668913,True,wop
axis1,VisualToolBench,,1.0158157218839494,0.7524447694607841,1.244572924370268,True,wop
axis1,BioLP-bench,,0.9977034992613287,0.719624496652113,1.2950244064432936,True,wop
axis1,Humanity's Last Exam,,0.9891958959643383,0.8302955839559664,1.177929846159532,True,wop
axis1,Aider Polyglot,,0.9507017231502001,0.6974303546436085,1.1528936798465903,True,wop
axis1,EnigmaEval,,0.9493448843254084,0.7232620995120627,1.1809037960973279,True,wop
axis1,SimpleQA Verified,,0.924937194086437,0.5634792757517753,1.2744201328147342,True,wop
axis1,APEX Agents,,0.892290571646272,0.5653931468252176,1.2377342563211402,True,wop
axis1,GPQA Diamond,,0.8457335082772494,0.6995850176567946,0.9628778605995394,True,wop
axis1,The Agent Company,,0.8106535696130339,0.4299642798084499,1.153471216558451,True,wop
axis1,TerminalBench,,0.8051346191980286,0.5927073399625312,0.9927809924428254,True,wop
axis1,GPQA Diamond Chemistry,,0.7750604623220332,0.5777944529501858,1.005064629150236,True,wop
axis1,MultiNRC,,0.7402439022297138,0.5826055232126712,0.891627518040296,True,wop
axis1,MMLU Pro Chemistry,,0.7221522680541013,0.4666278125528326,1.0024745615780688,True,wop
axis1,GPQA Main Chemistry,,0.6905492566980758,0.5198632336433345,0.8417957069695897,True,wop
axis1,LiveBench,,0.6605194633605553,0.5227946550956175,0.7683645600021816,True,wop
axis1,VPCT,,0.6424558305138226,0.4133748135891586,0.8976515809009603,True,wop
axis1,CAD-Eval,,0.6389754445542595,0.3539092834833621,0.9151374038237843,True,wop
axis1,CursorBench,,0.6357462159867544,0.392113074877704,0.8519604238371058,True,wop
axis1,WeirdML,,0.6141026325776009,0.49896899082027507,0.7172930258249265,True,wop
axis1,Cybench,,0.6047043406970278,0.2723699926048884,0.8944425624515014,True,wop
axis1,GPQA Main Biology,,0.581769743060574,0.34256978147272893,0.8041753496428403,True,wop
axis1,LAB-Bench SeqQA,,0.5318660455065054,0.39782214799572047,0.6920455633904611,True,wop
axis1,GPQA Diamond Biology,,0.5207668103939044,0.2745669237196539,0.805471930097332,True,wop
axis1,GSO-Bench,,0.47852409687416386,0.23962485101366263,0.6860958129682778,True,wop
axis1,SimpleBench,,0.4718159341361007,0.30482156690911383,0.689205255176641,True,wop
axis1,MMLU Chemistry,,0.4419959371672099,0.30891060762885875,0.5751377887980116,True,wop
axis1,MCP Atlas,,0.43453718793110674,0.1786160968325857,0.7291409335262438,True,wop
axis1,SEAL Instruction Following,,0.4295761455859295,0.19111315629740133,0.6452051087831377,True,wop
axis1,CL-Bench Life,,0.4198924604277039,0.03017635440031689,0.7681937537301119,True,wop
axis1,SWE-Bench Pro (Private),,0.40840271921799304,0.13073827832069582,0.6666637424253563,True,wop
axis1,ExploitBench,,0.3939850736193098,-0.11319764307775342,0.8144409727705622,False,wop
axis1,SEAL Tool Use (Enterprise),,0.376822133571704,0.1541332330278844,0.5460146448933949,True,wop
axis1,WMDP Chemistry,,0.366339730068552,0.14764632124121826,0.4900603308042683,True,wop
axis1,METR Time Horizons,,0.35925812653622535,0.2179073226464518,0.48281057280569295,True,wop
axis1,LAB-Bench Cloning,,0.35834515114479504,0.12663251808773113,0.6014631664758946,True,wop
axis1,SciCode,,0.3502612000498763,0.26237692336607543,0.44604637652433776,True,wop
axis1,OS World (Screenshot),,0.34920481644157,-0.15894990804473025,0.8259797695446516,False,wop
axis1,LAB-Bench Protocol,,0.34512801061021,0.16379033677662222,0.5181336621885276,True,wop
axis1,MMLU Pro Biology,,0.34387483883814496,0.0547161161238209,0.5536500682140356,True,wop
axis1,MultiChallenge,,0.32592444922094416,0.12654421047857087,0.532177791756344,True,wop
axis1,BALROG,,0.32272926598622287,0.16554463026762892,0.4703376191790958,True,wop
axis1,AudioMultiChallenge,,0.3223034715201112,-0.020689628518854124,0.6792539994016062,False,wop
axis1,Visual Task Assessment (VISTA),,0.2994786721976559,0.22958658106818183,0.43042548109298756,True,wop
axis1,SWE-Bench Verified,,0.282253398483167,0.12002621473597007,0.4151477076955666,True,wop
axis1,PostTrainBench,,0.2803856828585449,0.0703879663127978,0.5566425849759422,True,wop
axis1,FrontierCode,,0.2707049441881015,-0.33890602687851357,0.8043180759378867,False,wop
axis1,SWE-Bench Pro,,0.25139387134354874,-0.045432238907967167,0.5037825131286642,False,wop
axis1,OS World 2,,0.24396553636247575,-0.5159359834714385,0.8254400373195129,False,wop
axis1,TutorBench,,0.216541510505252,0.12209432809425899,0.324863719587415,True,wop
axis1,GeoBench,,0.2158564864832642,-0.16724720779793353,0.5048078944556237,False,wop
axis1,CL-Bench,,0.21137764889713673,-0.13369684888712702,0.5174821561921157,False,wop
axis1,WMDP Biology,,0.21131799217218128,0.02850773910791931,0.3540550686259461,True,wop
axis1,LAB-Bench LitQA2,,0.1735423866582299,0.057077192393911125,0.29373716239590186,True,wop
axis1,Remote Labor Index,,0.16625581821882895,-0.20730209476963904,0.5386080193565669,False,wop
axis1,MMLU Biology,,0.148664982348201,0.004940326987113001,0.2950520485768407,True,wop
axis1,Lech Mazur Writing,,0.14132216656741145,-0.06773742979527526,0.3558965195717509,False,wop
axis1,PRBench Legal,,0.13500770971128742,0.01297257041652721,0.3215937634924342,True,wop
axis1,PRBench Finance,,0.12193632131803665,0.0030863546879357972,0.32009600457092713,True,wop
axis1,DeepResearchBench,,0.08329099554116262,-0.07556348503101988,0.265900421536454,False,wop
axis1,TriviaQA,,0.07295788363783046,-0.23524614832071838,0.4566120486276441,False,wop
axis1,LAMBADA,,0.0713263687423978,-0.10684035533347223,0.2937823556920091,False,wop
axis1,ForecastBench,,0.036852559458235845,0.0012693074580764209,0.06420709192397546,True,wop
axis1,Video-MME,,-0.018631455109758173,-0.3508879158373406,0.2431344279895106,False,wop
axis1,PIQA,,-0.06407647857470475,-0.12254473376726989,0.1394113121788655,False,wop
axis1,WinoGrande,,-0.06466400385762082,-0.1709037950826397,0.2434704412671768,False,wop
axis1,MMLU,,-0.13282018624435624,-0.27723126176601,0.18677504884439822,False,wop
axis1,HellaSwag,,-0.15746920916658053,-0.29556587710822046,0.3360060884685577,False,wop
axis1,BoolQ,,-0.16922583636556915,-0.2877259521910882,0.18742785728924605,False,wop
axis1,BIG-Bench Hard (BBH),,-0.2160248425400585,-0.39418790472590876,0.16812516313446496,False,wop
axis1,CSQA2,,-0.2412736865894415,-0.508601327302945,0.2946012154597919,False,wop
axis1,GSM8K,,-0.261892078580115,-0.5924178004857694,0.1903612934490505,False,wop
axis1,SuperGLUE,,-0.2713515150538065,-0.659493847274835,0.3339921534008945,False,wop
axis1,ScienceQA,,-0.3637696511642593,-0.6835949401913693,0.018298005154166467,False,wop
axis1,Adversarial NLI,,-0.38305136410257135,-0.6894877278047488,0.032867839193554696,False,wop
axis1,ARC (AI2),,-0.600752451925229,-0.7744497624563894,0.042287170498612865,False,wop
axis1,OpenBookQA,,-0.6010727115090748,-0.7872120355203779,-0.017675070800608116,True,wop
axis2,GSM8K,,1.8245657090699972,1.3802608924918853,2.1479409851545936,True,wop
axis2,BIG-Bench Hard (BBH),,0.8995614547237255,0.7607389209135008,1.0609091571940288,True,wop
axis2,ARC (AI2),,0.8706863771386659,0.692893850679866,1.0817825149394529,True,wop
axis2,MMLU,,0.8611911318697556,0.6792848201399813,0.9822995886419508,True,wop
axis2,OpenBookQA,,0.6647545181175492,0.4836735078709426,0.8800460721862069,True,wop
axis2,SimpleQA Verified,,0.6412179717178048,-0.12102477803110362,1.0454784930697005,False,wop
axis2,MMLU Pro Biology,,0.6355289717348922,0.37141493037691115,0.9887744604274978,True,wop
axis2,MMLU Pro Chemistry,,0.6099137814673461,0.3026884115338818,0.964936987710841,True,wop
axis2,BoolQ,,0.5581325285234413,0.4261195403809733,0.6727631397100936,True,wop
axis2,SuperGLUE,,0.5549555706508578,0.058907482358603325,0.936539771619166,True,wop
axis2,HellaSwag,,0.5259001327553119,0.3670567271750748,0.7475324468928791,True,wop
axis2,BioLP-bench,,0.502527481195032,-0.011404449727604125,0.9825697878305166,False,wop
axis2,SEAL Tool Use (Enterprise),,0.4976718152033436,0.1942946039532763,0.8165217338995848,True,wop
axis2,WMDP Biology,,0.49443066142660486,0.31638371416870736,0.7314760783525035,True,wop
axis2,GeoBench,,0.4529732945559648,-0.034655866007688274,1.0621214935606778,False,wop
axis2,TriviaQA,,0.4425065995473289,0.2357247488524684,0.6586218384239183,True,wop
axis2,WinoGrande,,0.4161038032923922,0.29553332235266666,0.5019922138158808,True,wop
axis2,LAB-Bench Protocol,,0.4027721085359953,0.2060922987875897,0.6512773569428187,True,wop
axis2,LAB-Bench Cloning,,0.3958569932244644,0.043400979286456996,0.7362694277961906,True,wop
axis2,ScienceQA,,0.3781633451712475,0.02225360519267354,0.9059948845439654,True,wop
axis2,LiveBench,,0.37449262733615196,0.16351402008835847,0.5546376157686596,True,wop
axis2,BALROG,,0.37405270460115286,0.16539507126722117,0.6351060599774934,True,wop
axis2,Adversarial NLI,,0.3616438187362623,-0.1437913915627325,0.7498515450944565,False,wop
axis2,WMDP Chemistry,,0.358472923395571,0.19434697628519595,0.6111736593477085,True,wop
axis2,MultiNRC,,0.331562910638332,-0.2610076739214848,0.5691742494428349,False,wop
axis2,CSQA2,,0.32734027166853086,-0.18130530368639483,0.771263549697485,False,wop
axis2,EnigmaEval,,0.32608190531761094,-0.13105061690077785,0.723986716236045,False,wop
axis2,Fiction.LiveBench,,0.2900451720514048,-0.21595545515050596,0.833186186048272,False,wop
axis2,Video-MME,,0.2833095046724743,0.08715888545715926,0.4179438971621025,True,wop
axis2,PIQA,,0.2552447984232475,0.16479794502583997,0.32139431798816287,True,wop
axis2,LAMBADA,,0.25269667922608124,0.032460788552396126,0.48744354182537775,True,wop
axis2,Visual Task Assessment (VISTA),,0.24175639113264058,-0.1218810016408715,0.3691065831402954,False,wop
axis2,Aider Polyglot,,0.23930693487374644,-0.06984432399615348,0.5876760213279484,False,wop
axis2,MultiChallenge,,0.21496437513043729,-0.08967033727550336,0.5557543468721371,False,wop
axis2,SimpleBench,,0.20290606320786897,-0.6195028628537168,0.4364085533443804,False,wop
axis2,MMLU Biology,,0.19232205925442378,0.028061949574188415,0.3928992373375143,True,wop
axis2,Lech Mazur Writing,,0.17491642942680014,-0.21578241782103424,0.528132382447119,False,wop
axis2,VisualToolBench,,0.17433218918190865,-0.7464242005872316,0.6918460349886256,False,wop
axis2,AudioMultiChallenge,,0.16828365477443447,-0.18418903749930862,0.5592950704609825,False,wop
axis2,CAD-Eval,,0.1381008817310783,-0.4925429726439983,0.697629394745575,False,wop
axis2,METR Time Horizons,,0.1363058014350083,-0.024553161199120283,0.4484780951917128,False,wop
axis2,GPQA Main Biology,,0.1030236386803304,-0.23565881481904127,0.4213367310803646,False,wop
axis2,VPCT,,0.0962108981121818,-0.22329647615742612,0.5480984632693998,False,wop
axis2,TutorBench,,0.08586856649529445,-0.15609851782506112,0.2742756392405868,False,wop
axis2,MMLU Chemistry,,0.06893889447759499,-0.12453238782178506,0.32036838506887105,False,wop
axis2,ForecastBench,,0.06461562497567598,0.021896552851529985,0.10592787463132901,True,wop
axis2,MATH Level 5,,0.06111987481372466,-0.22646951218374317,0.6539548908343954,False,wop
axis2,DeepResearchBench,,0.0574047329215982,-0.3173149279025007,0.2987767861187914,False,wop
axis2,GPQA Diamond,,0.040035207860338526,-0.08584899275455077,0.2644050016604245,False,wop
axis2,PRBench Legal,,0.039069585358646526,-0.8527665892780832,0.23174910897968512,False,wop
axis2,LAB-Bench LitQA2,,0.03240459607399836,-0.12089164690635576,0.20723629560998447,False,wop
axis2,SWE-Bench Verified,,0.027694154587412992,-0.28601195160262755,0.2921800053585043,False,wop
axis2,Humanity's Last Exam,,0.012581418402608171,-0.4210378672242118,0.20413036046454172,False,wop
axis2,LAB-Bench SeqQA,,-0.003627053101349984,-0.24244741604911255,0.2002010520607755,False,wop
axis2,GPQA Diamond Biology,,-0.009172138000204312,-0.419863279233762,0.4180178200079983,False,wop
axis2,MCP Atlas,,-0.015081895733161538,-0.5559297163322977,0.7809560022030233,False,wop
axis2,PRBench Finance,,-0.018239446210826515,-0.851591869194778,0.20807958262228116,False,wop
axis2,SciCode,,-0.023168018174985393,-0.11756669292327132,0.15684148708339762,False,wop
axis2,WeirdML,,-0.030981596896921933,-0.17285178167148108,0.18051464207435172,False,wop
axis2,SEAL Instruction Following,,-0.06853961552173271,-0.4517844164961343,0.3098228167700379,False,wop
axis2,GPQA Main Chemistry,,-0.06935564938349019,-0.3104861136571713,0.2940570668253516,False,wop
axis2,OTIS Mock AIME 2024-2025,,-0.0752936015317934,-0.3863971010943802,0.5947237976173918,False,wop
axis2,The Agent Company,,-0.12313103938401465,-0.8642582194610798,1.006712452441062,False,wop
axis2,TerminalBench,,-0.13983474396899803,-0.3910119644608257,0.22457274072316938,False,wop
axis2,SWE-Bench Pro,,-0.14150530518937515,-0.694885065304591,0.3478597758188127,False,wop
axis2,CL-Bench,,-0.22889937484378323,-0.49454269364326237,0.05752701502529329,False,wop
axis2,FrontierMath,,-0.2347979858056966,-0.43733199747950735,0.34826900000538574,False,wop
axis2,GPQA Diamond Chemistry,,-0.23581024248967006,-0.5810474931557421,0.16406346861247478,False,wop
axis2,APEX Agents,,-0.26723653421549637,-0.6078808515649339,0.09320340768524282,False,wop
axis2,CursorBench,,-0.27287441791247213,-0.5525890523888753,-0.005848043895844189,True,wop
axis2,Chess Puzzles,,-0.28190273836730617,-0.6276759000297863,0.5409317996796202,False,wop
axis2,ARC-AGI,,-0.2845879681959559,-1.2342656876756626,-0.05190893411416447,True,wop
axis2,CL-Bench Life,,-0.3068121623753783,-0.715469881855396,0.146609956390981,False,wop
axis2,CritPt,,-0.35879667094699147,-0.6978456803651714,0.10730993592157251,False,wop
axis2,GSO-Bench,,-0.3828014000971858,-0.7759396647401622,0.45129559299613464,False,wop
axis2,PostTrainBench,,-0.41142868291645146,-0.7257297660231755,0.43768248979660207,False,wop
axis2,SWE-Bench Pro (Private),,-0.5359323249199597,-0.9684047334183441,-0.1258401028473072,True,wop
axis2,OS World 2,,-0.6466283658594966,-1.3865295237335475,0.2682101205096588,False,wop
axis2,Cybench,,-0.6816423875673385,-1.1818045048774743,-0.027898880213017563,True,wop
axis2,FrontierCode,,-0.7196427893603954,-1.431517042176356,0.04943888768207757,False,wop
axis2,ExploitBench,,-0.760475980539465,-1.4410150116213423,-0.03315115985165972,True,wop
axis2,Remote Labor Index,,-0.7722141427786097,-1.1482832825088343,-0.3800089528997865,True,wop
axis2,FrontierMath Tier 4,,-0.79155597093928,-1.20660689199835,0.46548023109692777,False,wop
axis2,ARC-AGI-2,,-0.8516289442425549,-2.006587624302163,-0.511623684200765,True,wop
axis2,OS World (Screenshot),,-0.9159240096790642,-1.6253908614328763,0.16911504456969173,False,wop
axis3,ARC-AGI-2,,1.4304595626711893,-0.2303506095959406,1.9638903526768559,False,wop
axis3,GSO-Bench,,1.2669203953043062,0.9019229161796155,1.6748026617850118,True,wop
axis3,Cybench,,1.2595843222422802,0.7832563277500934,1.7198307588860269,True,wop
axis3,Aider Polyglot,,1.155867020800512,0.9095516047143491,1.4726710117199917,True,wop
axis3,ARC-AGI,,1.0221257464302105,-0.1439407788859614,1.2712158763585495,False,wop
axis3,CAD-Eval,,0.9606936722273769,0.4824932558226572,1.3355870892244555,True,wop
axis3,TerminalBench,,0.8477135891248981,0.5818382433836773,1.1134555923713767,True,wop
axis3,The Agent Company,,0.833340867856455,0.2860958924388302,1.3589600130720556,True,wop
axis3,SWE-Bench Pro (Private),,0.7394201576966304,0.26847065349309224,1.0702547378612004,True,wop
axis3,SWE-Bench Pro,,0.6956292492026411,0.3698879528518277,1.0734300692760548,True,wop
axis3,SimpleBench,,0.6159459179476596,-0.022011110073827497,0.7883703900335038,False,wop
axis3,SWE-Bench Verified,,0.6139339858616805,0.31490374610400945,0.9168471895736203,True,wop
axis3,MultiNRC,,0.5734503205601496,0.36930042555077724,0.7776799749660266,True,wop
axis3,METR Time Horizons,,0.5716272076206732,0.09222951534363985,0.7424771367672771,True,wop
axis3,Remote Labor Index,,0.5582575436390449,0.0807488397766444,1.1955660216267157,True,wop
axis3,OS World (Screenshot),,0.5154684537092739,0.09555465952697084,0.8696772445362323,True,wop
axis3,FrontierMath Tier 4,,0.4937448119343388,0.04865792006075916,1.1687130175191296,True,wop
axis3,MCP Atlas,,0.49293651408803074,0.03184525412034103,0.9467710954985914,True,wop
axis3,OS World 2,,0.4862546424089307,-0.37275771697738175,1.1104593003224856,False,wop
axis3,PostTrainBench,,0.44616408916172723,0.16400078225638648,0.8894281703683627,True,wop
axis3,EnigmaEval,,0.4426002598432654,0.060756544279009644,0.787320195815739,True,wop
axis3,APEX Agents,,0.4364049880869555,0.15421864408166197,0.7481161476169581,True,wop
axis3,CSQA2,,0.4207297404105128,-0.6732242849353093,0.6014529563883574,False,wop
axis3,ExploitBench,,0.41688477379286326,-0.3112843898651409,1.0336619339883888,False,wop
axis3,Fiction.LiveBench,,0.40007210871785404,-0.02430913973762295,0.8801658077666227,False,wop
axis3,BALROG,,0.3955497894266374,-0.062427069515664145,0.5935344813689848,False,wop
axis3,FrontierCode,,0.3837607222097343,-0.33509802022178725,0.9401129084556201,False,wop
axis3,HellaSwag,,0.37987315292227414,-0.6014787241198742,0.5009355890592097,False,wop
axis3,WeirdML,,0.3765575415711996,0.22173143462484166,0.5292808173166914,True,wop
axis3,AudioMultiChallenge,,0.3712139025024365,-0.17052634568812455,0.7132345792380336,False,wop
axis3,CursorBench,,0.35598682172923884,0.12100745249061408,0.5645381246125479,True,wop
axis3,VisualToolBench,,0.34089108787228667,0.02774603019013906,0.7402602867813033,True,wop
axis3,SimpleQA Verified,,0.33392219952958835,-0.15010849940034204,0.6511492999442993,False,wop
axis3,Lech Mazur Writing,,0.3176896424532455,0.10426377253450479,0.5405950527235561,True,wop
axis3,DeepResearchBench,,0.3096123682489709,0.024607063406692293,0.5850345762229071,True,wop
axis3,Adversarial NLI,,0.2807141897797113,-0.6645273869482213,0.4621441725394689,False,wop
axis3,OpenBookQA,,0.277429359518238,-0.8014134946258034,0.5123769784489601,False,wop
axis3,CritPt,,0.25523899789421073,-0.021506581946459782,0.5187729295436692,False,wop
axis3,ARC (AI2),,0.23559529506896615,-0.8847337229102961,0.641174657230293,False,wop
axis3,PRBench Finance,,0.22624586815994174,-0.04246891789836282,0.3675275860209473,False,wop
axis3,FrontierMath,,0.2261361207370774,0.06358344711761306,0.6546077732204834,True,wop
axis3,Humanity's Last Exam,,0.22341010562597394,0.0330446644844693,0.37467861895272137,True,wop
axis3,WinoGrande,,0.21195650158137452,-0.3901946977643223,0.2968889819539757,False,wop
axis3,PRBench Legal,,0.20718710854064337,-0.048137439403534904,0.33166501974751184,False,wop
axis3,MultiChallenge,,0.19885084317671742,-0.06279478929819707,0.5047556579530793,False,wop
axis3,SuperGLUE,,0.1972814434422293,-0.5279654653822906,0.47001529816084253,False,wop
axis3,TriviaQA,,0.19445045783892223,-0.4152072836822587,0.4052100566654918,False,wop
axis3,LiveBench,,0.19309050127279842,0.012543662791451617,0.3947586692470645,True,wop
axis3,LAMBADA,,0.19170798210553197,-0.3229498322092668,0.35993645528988993,False,wop
axis3,BoolQ,,0.17362820376068644,-0.4376212095007006,0.3131041906833199,False,wop
axis3,ScienceQA,,0.1524828260415923,-0.44267350503175795,0.5410658088848997,False,wop
axis3,SciCode,,0.13713125454053016,0.03565351929391161,0.24527537158604315,True,wop
axis3,TutorBench,,0.13293475432394633,-0.014588352924462646,0.25977708787540554,False,wop
axis3,SEAL Tool Use (Enterprise),,0.1270233762394865,-0.305857197600388,0.42515826238490567,False,wop
axis3,PIQA,,0.11447002466931602,-0.25873682921765934,0.17142597730720086,False,wop
axis3,LAB-Bench LitQA2,,0.11401927620651744,-0.08494814603518357,0.26318670345647543,False,wop
axis3,GPQA Diamond Chemistry,,0.10020923836514362,-0.005718563524093593,0.30843100039352567,False,wop
axis3,LAB-Bench SeqQA,,0.09403276084461337,0.005449659097790813,0.2262452179520289,True,wop
axis3,BIG-Bench Hard (BBH),,0.09282977184532909,-0.5897528034923805,0.6185088822037558,False,wop
axis3,Visual Task Assessment (VISTA),,0.0899157643039106,-0.04611305285826244,0.1509398512849082,False,wop
axis3,MMLU Chemistry,,0.08007873071228852,-0.07029774511445064,0.20803574673471772,False,wop
axis3,MMLU Biology,,0.0764024822064556,-0.1256068210689784,0.20231987572756868,False,wop
axis3,GPQA Main Chemistry,,0.05117848981228215,-0.020955851014281816,0.15842774134501642,False,wop
axis3,LAB-Bench Protocol,,0.04522324530729191,-0.0647813979200027,0.2471204866728367,False,wop
axis3,LAB-Bench Cloning,,0.04376574895246792,-0.09219943467887304,0.3303893366693859,False,wop
axis3,SEAL Instruction Following,,0.032370173952306666,-0.3079582208936702,0.3718004565597689,False,wop
axis3,GeoBench,,0.0317531872369668,-0.20580536857732845,0.4595790794044521,False,wop
axis3,ForecastBench,,0.029264911720701163,-0.013969858024060398,0.08934362313603916,False,wop
axis3,BioLP-bench,,0.02212356629166251,-0.16550866092587382,0.5121955462271192,False,wop
axis3,GPQA Diamond,,0.02181601340675131,-0.06533240229412755,0.34925928208172063,False,wop
axis3,VPCT,,0.01885922948444834,-0.2678349464309718,0.4505349633670914,False,wop
axis3,MMLU,,-0.018239533802168396,-0.39198764649893064,0.48915675913006007,False,wop
axis3,CL-Bench,,-0.020514521106235695,-0.2817651404520837,0.2530319664620928,False,wop
axis3,GPQA Diamond Biology,,-0.0321635693816133,-0.15934959812501334,0.20402323586391685,False,wop
axis3,MATH Level 5,,-0.037267115265004154,-0.21578642340975562,0.42141072566464843,False,wop
axis3,GPQA Main Biology,,-0.04020621716405143,-0.17039275659680203,0.24696469603206575,False,wop
axis3,CL-Bench Life,,-0.04782817054323696,-0.4205262429618802,0.36040954287640264,False,wop
axis3,MMLU Pro Chemistry,,-0.07358821761272177,-0.3657989498930993,0.23947391036946927,False,wop
axis3,MMLU Pro Biology,,-0.08778600472806028,-0.3700495696541568,0.3681914407422972,False,wop
axis3,WMDP Chemistry,,-0.21476047518270536,-0.3499920984973735,0.17727372592913582,False,wop
axis3,WMDP Biology,,-0.22020911531395204,-0.3610836388225052,0.13346744457596557,False,wop
axis3,OTIS Mock AIME 2024-2025,,-0.24997944004419076,-0.47094908156108006,0.18243639566709086,False,wop
axis3,Video-MME,,-0.25971229032875565,-0.4342607358915653,0.02502308576327606,False,wop
axis3,GSM8K,,-0.3148580628527987,-0.7584734433077751,1.5515825175387912,False,wop
axis3,Chess Puzzles,,-0.3851079317607879,-0.7221898635399728,0.10977717299297417,False,wop
axis1,OTIS Mock AIME 2024-2025,,2.1205858150256702,0.9253390631614498,2.4956409647058173,True,matchalign
axis1,ARC-AGI-2,,1.962261124513775,0.3787166137456522,3.3800263925505574,True,matchalign
axis1,MATH Level 5,,1.6561887137097135,0.7868306297337485,1.9915915615140374,True,matchalign
axis1,ARC-AGI,,1.4331523127937666,0.39328487731820294,2.3219560370750174,True,matchalign
axis1,Chess Puzzles,,1.38541852133587,0.40765219829164256,1.9234277114612321,True,matchalign
axis1,CritPt,,1.1915817885267082,0.8095063065447958,1.6533505516443576,True,matchalign
axis1,FrontierMath Tier 4,,1.0919031726759783,0.3704734566958295,1.7402520176660032,True,matchalign
axis1,FrontierMath,,1.0532170091859596,0.7242148247769937,1.423745697183343,True,matchalign
axis1,Fiction.LiveBench,,0.9138469653987027,0.31990197782360447,1.4360351914164142,True,matchalign
axis1,BioLP-bench,,0.8709196901764222,0.2889975175772312,1.2354344748892365,True,matchalign
axis1,Humanity's Last Exam,,0.8494873749708862,0.5896771487292825,1.1252453865882295,True,matchalign
axis1,VisualToolBench,,0.8401234315163706,0.39646344166362657,1.2310874395202607,True,matchalign
axis1,APEX Agents,,0.8318772828459973,0.3351123829456516,1.1811144979420496,True,matchalign
axis1,EnigmaEval,,0.8171144395693903,0.3240782751863658,1.1528170078267,True,matchalign
axis1,SimpleQA Verified,,0.7962362095228741,0.17555013995023022,1.19176690949852,True,matchalign
axis1,GPQA Diamond,,0.7597184811490556,0.37351003682686035,0.9379443746652651,True,matchalign
axis1,The Agent Company,,0.7403665830466162,0.012515555291188354,1.520005888662388,True,matchalign
axis1,Aider Polyglot,,0.6814280394939451,0.14910004095952578,1.6071982656280757,True,matchalign
axis1,GPQA Diamond Chemistry,,0.6795098555898502,0.39057143319274784,1.0042612384159555,True,matchalign
axis1,TerminalBench,,0.6677974355971947,0.17763009782420117,1.3345591363165519,True,matchalign
axis1,MMLU Pro Chemistry,,0.6104944975804685,-0.07294364736951638,0.992155064998454,False,matchalign
axis1,GPQA Main Chemistry,,0.6003829398271456,0.2982075578507963,0.8261788575939917,True,matchalign
axis1,MultiNRC,,0.5969809884058785,0.26567379054396684,0.9760657892554021,True,matchalign
axis1,CursorBench,,0.5644743993893304,0.2208500642878558,0.9048313607321806,True,matchalign
axis1,LiveBench,,0.5540722882553675,0.1644527788499984,0.7790829972613945,True,matchalign
axis1,VPCT,,0.538792500478918,0.11556151795713146,0.8678034281851706,True,matchalign
axis1,WeirdML,,0.5226765468486902,0.27008969591437193,0.7791574020936975,True,matchalign
axis1,GPQA Main Biology,,0.511949871047497,0.10410995570520516,0.7699331409714748,True,matchalign
axis1,Cybench,,0.49885803044632504,-0.3599018316383762,1.6990533189495451,False,matchalign
axis1,CAD-Eval,,0.4836202950035676,-0.05128330680493035,1.355516095343865,False,matchalign
axis1,LAB-Bench SeqQA,,0.45939744147337813,0.252284632282924,0.6681972969213527,True,matchalign
axis1,GPQA Diamond Biology,,0.4556062185075236,0.04202056360747369,0.7787462819211559,True,matchalign
axis1,SimpleBench,,0.41076709884893087,-0.0032431346986608748,0.8912249634004976,False,matchalign
axis1,MCP Atlas,,0.39852111315981525,-0.07880647253338942,0.9286724285722978,False,matchalign
axis1,SWE-Bench Pro (Private),,0.39042567891622293,-0.38605516193169986,1.1426874249690968,False,matchalign
axis1,SEAL Instruction Following,,0.38609886418415884,-0.00442038022430102,0.6520067633509464,False,matchalign
axis1,OS World (Screenshot),,0.38304698348086186,-0.37686969613707083,1.1995544377386846,False,matchalign
axis1,ExploitBench,,0.38091683926165026,-0.3294106660804084,1.103305074245489,False,matchalign
axis1,CL-Bench Life,,0.3788462719393338,-0.03294343379658818,0.7660635956488686,False,matchalign
axis1,MMLU Chemistry,,0.37264358613603005,0.16688075471713687,0.5472338536838478,True,matchalign
axis1,WMDP Chemistry,,0.3417760107390143,-0.20555342780328859,0.5658795321896324,False,matchalign
axis1,GSO-Bench,,0.32729464588806373,-0.35255392836183513,1.591712572703367,False,matchalign
axis1,SciCode,,0.30090981163644037,0.153906236689952,0.4319032174570085,True,matchalign
axis1,SEAL Tool Use (Enterprise),,0.2963285129256933,-0.24088829335827935,0.7372253766461749,False,matchalign
axis1,LAB-Bench Cloning,,0.2874453204281733,-0.008423163757712735,0.5580274018528865,False,matchalign
axis1,MultiChallenge,,0.2849828951555006,-0.05729915150983793,0.5363851578139106,False,matchalign
axis1,AudioMultiChallenge,,0.28149571997412365,-0.1725505841928406,0.6767101118093002,False,matchalign
axis1,METR Time Horizons,,0.278633933691044,-0.06268643883734253,0.7297153916143382,False,matchalign
axis1,FrontierCode,,0.27533205514053727,-0.44421371793657943,1.047657884416172,False,matchalign
axis1,PostTrainBench,,0.2722673538226005,-0.1375671916980801,0.7681143862706092,False,matchalign
axis1,OS World 2,,0.2682180227977907,-0.5354927950645247,1.0144555945260316,False,matchalign
axis1,MMLU Pro Biology,,0.26185214894924214,-0.400332440629224,0.7163913077657174,False,matchalign
axis1,LAB-Bench Protocol,,0.26059353962792786,0.0038422093534097625,0.48134249010044233,True,matchalign
axis1,BALROG,,0.25505036111101353,-0.14002155384634582,0.5730687057530716,False,matchalign
axis1,Visual Task Assessment (VISTA),,0.24341418092545952,0.13372620138587385,0.3731126442331698,True,matchalign
axis1,Remote Labor Index,,0.21379688760277482,-0.9123682041789829,1.1817386416408497,False,matchalign
axis1,SWE-Bench Pro,,0.20868366702502417,-0.34946090250133194,0.9079978983587713,False,matchalign
axis1,SWE-Bench Verified,,0.20710874370831195,-0.17035046283859773,0.7977540001030494,False,matchalign
axis1,CL-Bench,,0.20682139639796804,-0.14587206237451397,0.5070402291516348,False,matchalign
axis1,TutorBench,,0.18846732150068585,0.02947569608686918,0.3319229076925038,True,matchalign
axis1,WMDP Biology,,0.17281586935625193,-0.33219565377042626,0.49007260456517304,False,matchalign
axis1,LAB-Bench LitQA2,,0.1432434496391769,0.0052945973263451,0.28813556902032017,True,matchalign
axis1,GeoBench,,0.14188183398098445,-0.2774000974710168,0.46577305944228375,False,matchalign
axis1,Lech Mazur Writing,,0.12899930353262218,-0.19285791283134476,0.41820263004149444,False,matchalign
axis1,PRBench Legal,,0.12803235761653825,-0.345800503132814,0.6290289198708543,False,matchalign
axis1,PRBench Finance,,0.12119006368733432,-0.3130731821390161,0.6208563985701624,False,matchalign
axis1,MMLU Biology,,0.11121858248272584,-0.03896785880012664,0.26894501470585874,False,matchalign
axis1,LAMBADA,,0.07356468243891878,-0.21826540574395237,0.2642344221605463,False,matchalign
axis1,DeepResearchBench,,0.06779485675815825,-0.20831588007328025,0.42280168830406756,False,matchalign
axis1,TriviaQA,,0.04263173851845743,-0.3314024362658817,0.3186368528603545,False,matchalign
axis1,ForecastBench,,0.031039054797094387,-0.03837634291981845,0.06889495316974352,False,matchalign
axis1,PIQA,,-0.05875914894919761,-0.16823941689257463,0.087439807281523,False,matchalign
axis1,WinoGrande,,-0.06393029325757492,-0.2286255315788959,0.1593581481193845,False,matchalign
axis1,Video-MME,,-0.07557511655545443,-0.3994830346254563,0.38819372411895,False,matchalign
axis1,HellaSwag,,-0.13699783031883195,-0.45184722524470466,0.24463120807299077,False,matchalign
axis1,BoolQ,,-0.169140661111634,-0.33289168419200726,0.06863636145128217,False,matchalign
axis1,MMLU,,-0.17004227194540034,-0.4634428546963318,0.12486927384017844,False,matchalign
axis1,CSQA2,,-0.25190403643469833,-0.5961854978120811,0.3905180368030486,False,matchalign
axis1,BIG-Bench Hard (BBH),,-0.2531931964770535,-0.5199053627282374,0.019659608126985254,False,matchalign
axis1,SuperGLUE,,-0.2718408530674845,-0.6244444179940272,0.26208021676160376,False,matchalign
axis1,Adversarial NLI,,-0.333051908667453,-0.7171863606498213,0.032960151867991616,False,matchalign
axis1,ScienceQA,,-0.33588699247003473,-0.6917796665300401,0.042162854880067116,False,matchalign
axis1,GSM8K,,-0.36291818733614906,-1.1599365603003133,0.36138661265060856,False,matchalign
axis1,ARC (AI2),,-0.5454711142864392,-0.8260786574825654,-0.11713813866731562,True,matchalign
axis1,OpenBookQA,,-0.5535433127304961,-0.8290615810961445,-0.10361262240432156,True,matchalign
axis2,GSM8K,,1.7665691035024882,1.245749842545553,2.195582141049542,True,matchalign
axis2,BIG-Bench Hard (BBH),,0.8979065955376999,0.6523323217840827,1.092567413719359,True,matchalign
axis2,ARC (AI2),,0.8787248676203188,0.5808971924130546,1.1339136902542557,True,matchalign
axis2,MMLU,,0.8394050584819613,0.622828524578578,0.9695500111324354,True,matchalign
axis2,SimpleQA Verified,,0.7331757683577249,-0.06620336040316811,1.2075923582329393,False,matchalign
axis2,OpenBookQA,,0.6791683525214507,0.3825964006644772,0.9610242318824508,True,matchalign
axis2,MMLU Pro Chemistry,,0.6153731979318188,0.19582665005484995,1.0102472799409004,True,matchalign
axis2,MMLU Pro Biology,,0.596618182922754,0.27932335841341516,0.9241081077010153,True,matchalign
axis2,BoolQ,,0.5781904780623569,0.3717724492174367,0.6849531930380117,True,matchalign
axis2,SuperGLUE,,0.5773036125420985,0.025610538308283172,0.9754524829051812,True,matchalign
axis2,HellaSwag,,0.5743582712655485,0.29525730515567894,0.7484617519123867,True,matchalign
axis2,BioLP-bench,,0.5390695840036602,-0.10203501457190232,1.0840457230067522,False,matchalign
axis2,TriviaQA,,0.4806073929439596,0.1882591921513822,0.704242269045349,True,matchalign
axis2,GeoBench,,0.4711024553126129,-0.023622426653818508,1.036833916775431,False,matchalign
axis2,Aider Polyglot,,0.46285432628227036,-0.5015872010705089,0.8817263194919994,False,matchalign
axis2,SEAL Tool Use (Enterprise),,0.45925182405263987,0.1508877591101749,0.7725519618162829,True,matchalign
axis2,MultiNRC,,0.45846399229540935,-0.2268721067737765,0.7646726341775395,False,matchalign
axis2,WMDP Biology,,0.44246046542690287,0.13431247890003845,0.6866215933892029,True,matchalign
axis2,WinoGrande,,0.43452399304986505,0.2634095075692284,0.5432574702014421,True,matchalign
axis2,LAB-Bench Cloning,,0.4341353638972536,0.0036988155543980633,0.7399847914217209,True,matchalign
axis2,EnigmaEval,,0.4255585735545456,-0.19444332773788467,0.8828987256333637,False,matchalign
axis2,ScienceQA,,0.4230652564216426,-0.03010261811277422,0.9409709760960764,False,matchalign
axis2,LAB-Bench Protocol,,0.4221694281534405,0.14909972742593902,0.6641979972990635,True,matchalign
axis2,Fiction.LiveBench,,0.4197331076737846,-0.3159948700060342,0.9859052782780097,False,matchalign
axis2,BALROG,,0.4181657604906869,0.023199339408192403,0.6391812863970021,True,matchalign
axis2,CAD-Eval,,0.41229943668504476,-0.6596546910417509,0.8692615402642642,False,matchalign
axis2,LiveBench,,0.40501646369386357,0.007050401853103612,0.6347589471107304,True,matchalign
axis2,CSQA2,,0.3709588454114591,-0.06880495785846652,0.8450433726708566,False,matchalign
axis2,Adversarial NLI,,0.36414866208210384,-0.07261460724294054,0.7981735450658292,False,matchalign
axis2,WMDP Chemistry,,0.32841667984849465,0.02366083406026559,0.5598888742929954,True,matchalign
axis2,SimpleBench,,0.3133626824244094,-0.35160313559170103,0.6134967917746588,False,matchalign
axis2,LAMBADA,,0.29248931913388354,0.03154017760005191,0.4783757424461476,True,matchalign
axis2,Visual Task Assessment (VISTA),,0.27437650994945506,-0.04864658504433511,0.3989827561685606,False,matchalign
axis2,VisualToolBench,,0.27325885231066865,-0.45950637822754126,0.8176546785420195,False,matchalign
axis2,AudioMultiChallenge,,0.271835768590443,-0.2132833971179898,0.6019296864357794,False,matchalign
axis2,PIQA,,0.2669533499114449,0.15513757727204333,0.32901156766102935,True,matchalign
axis2,MultiChallenge,,0.23748309380413246,-0.0778239452952135,0.578169398955446,False,matchalign
axis2,METR Time Horizons,,0.22480070336530839,-0.17162249958318807,0.4453422847302422,False,matchalign
axis2,Lech Mazur Writing,,0.22041278917229865,-0.3383115776239361,0.5540772786909798,False,matchalign
axis2,Video-MME,,0.21788049146106903,0.018174114276754912,0.43151366203120295,True,matchalign
axis2,MMLU Biology,,0.21523180690324517,0.035217032356399613,0.4019711141941434,True,matchalign
axis2,MATH Level 5,,0.14514552894530214,-0.19092921308421476,0.9405949574874568,False,matchalign
axis2,Humanity's Last Exam,,0.13748718020434023,-0.2346374570085588,0.43685518712809496,False,matchalign
axis2,VPCT,,0.13601167319170615,-0.23807997489472774,0.5281027077831848,False,matchalign
axis2,SWE-Bench Verified,,0.13177936904177603,-0.3745008196650071,0.4283689463203306,False,matchalign
axis2,MMLU Chemistry,,0.12165272445655277,-0.08660120359719826,0.4313263273717117,False,matchalign
axis2,TutorBench,,0.11357751480629738,-0.0830876542301363,0.30335661359853433,False,matchalign
axis2,GPQA Diamond,,0.10747132601379905,-0.15778174320179486,0.3365402928935559,False,matchalign
axis2,DeepResearchBench,,0.10279050828452847,-0.2123379946601247,0.38479608965344314,False,matchalign
axis2,GPQA Main Biology,,0.10037209773733458,-0.20039811226250956,0.46198535535135377,False,matchalign
axis2,MCP Atlas,,0.09630321448531215,-0.4026207198263908,0.812429140234892,False,matchalign
axis2,LAB-Bench LitQA2,,0.09202788525952227,-0.09719871105381898,0.2424480865376978,False,matchalign
axis2,PRBench Legal,,0.07907850242037875,-0.5084332650567026,0.2747191576130748,False,matchalign
axis2,ForecastBench,,0.06419677544569052,0.0014569228898064339,0.10652533120245672,True,matchalign
axis2,WeirdML,,0.06408304880220757,-0.21504444539284065,0.28942285285916614,False,matchalign
axis2,LAB-Bench SeqQA,,0.04694195353415542,-0.20938702381728225,0.2925943374403814,False,matchalign
axis2,PRBench Finance,,0.02926184603016628,-0.49899025816966397,0.2564405156971227,False,matchalign
axis2,TerminalBench,,0.028970689787058072,-0.5174782145574474,0.48923537373374304,False,matchalign
axis2,SciCode,,0.028690269023865733,-0.10768320887651912,0.19353988892781052,False,matchalign
axis2,ARC-AGI,,0.027087255753101933,-0.5724250671268132,0.31177076168682094,False,matchalign
axis2,The Agent Company,,0.02680752551477256,-0.7496825410222342,0.9428365149673431,False,matchalign
axis2,GPQA Diamond Biology,,0.01813973621365862,-0.3594192870709147,0.4289495617912798,False,matchalign
axis2,OTIS Mock AIME 2024-2025,,0.008396675341104741,-0.3339000620893688,1.2593003211711309,False,matchalign
axis2,GPQA Main Chemistry,,-0.03730157330829752,-0.24488460049733918,0.42406940226085943,False,matchalign
axis2,SWE-Bench Pro,,-0.04360977566665593,-0.6600256896916398,0.4918708996983785,False,matchalign
axis2,SEAL Instruction Following,,-0.06098336070632038,-0.3924503321312648,0.3157267365712354,False,matchalign
axis2,FrontierMath,,-0.08585964417170769,-0.4205027626713924,0.529110455159873,False,matchalign
axis2,APEX Agents,,-0.11972450977282019,-0.5976535463419861,0.27281323138058156,False,matchalign
axis2,GSO-Bench,,-0.1566428655063999,-0.9799395378581058,0.9070740017776653,False,matchalign
axis2,CursorBench,,-0.1574823359560501,-0.5375704872815419,0.20676382827660528,False,matchalign
axis2,GPQA Diamond Chemistry,,-0.15881696571750625,-0.4925335038219743,0.23545199075232054,False,matchalign
axis2,CritPt,,-0.1868350222921774,-0.673495895528987,0.534152184649404,False,matchalign
axis2,CL-Bench,,-0.2030055860944203,-0.47267065230568456,0.15442355986080433,False,matchalign
axis2,Chess Puzzles,,-0.21421645029368114,-0.6948871996729833,1.0277036788084413,False,matchalign
axis2,CL-Bench Life,,-0.25986487091388016,-0.6784175831151541,0.2646495986166984,False,matchalign
axis2,ARC-AGI-2,,-0.31101440814200193,-1.3330549635452495,0.170829097334546,False,matchalign
axis2,SWE-Bench Pro (Private),,-0.317849533420281,-0.8533095381677872,0.12716216457085672,False,matchalign
axis2,PostTrainBench,,-0.323123879789363,-0.6876185155838819,0.5284910095156843,False,matchalign
axis2,Cybench,,-0.43690239326036406,-1.1523715113210162,0.6390244594021015,False,matchalign
axis2,FrontierMath Tier 4,,-0.5196880343373298,-1.1277302284228463,0.2607899501131063,False,matchalign
axis2,OS World 2,,-0.5755337185077373,-1.372017217678876,0.6288662378390913,False,matchalign
axis2,Remote Labor Index,,-0.5909793253641205,-1.0446442090020134,-0.05063601457453804,True,matchalign
axis2,FrontierCode,,-0.6174122010495704,-1.3720479805314187,0.18032978220908513,False,matchalign
axis2,ExploitBench,,-0.6236937235304278,-1.3660724473471817,0.2517630514632373,False,matchalign
axis2,OS World (Screenshot),,-0.7237304732559647,-1.5488225117183334,0.5903029347497909,False,matchalign
axis3,ARC-AGI-2,,1.2057115369726232,-0.3592991356921183,2.8471673964872855,False,matchalign
axis3,Cybench,,1.185572091188225,-0.4098997477700274,1.8906095598595167,False,matchalign
axis3,Aider Polyglot,,1.1523576098115211,-0.016513589217888938,1.6742817185602956,False,matchalign
axis3,GSO-Bench,,1.0872426626872742,-0.43729781327095496,1.7286232024746724,False,matchalign
axis3,ARC-AGI,,0.8749869616610189,-0.290394696324699,1.9770689987914063,False,matchalign
axis3,CAD-Eval,,0.8329326235030619,-0.12630625837263207,1.4081330390943025,False,matchalign
axis3,TerminalBench,,0.830574071889481,-0.019388557808364768,1.2879736116099814,False,matchalign
axis3,The Agent Company,,0.7571500268065068,-0.1357910649867301,1.5644034185218054,False,matchalign
axis3,FrontierMath Tier 4,,0.6958234070355025,-0.49584341025769224,1.8525087652245367,False,matchalign
axis3,CritPt,,0.6802970725659183,-0.7677660577833275,1.162933447441576,False,matchalign
axis3,SWE-Bench Pro (Private),,0.6737905878834166,-0.38210657235599466,1.1661889602358149,False,matchalign
axis3,FrontierMath,,0.6401251960435559,-0.7077774773115685,1.107925269360391,False,matchalign
axis3,MultiNRC,,0.6063464691854161,-0.11235339750329491,0.9157050044814536,False,matchalign
axis3,SWE-Bench Pro,,0.5971522953676732,-0.35644275224363026,1.0304672566123088,False,matchalign
axis3,APEX Agents,,0.5951954210351325,-0.3278399431960823,0.9964355666301282,False,matchalign
axis3,EnigmaEval,,0.5716137044859669,-0.3420834022179619,1.1026095960993543,False,matchalign
axis3,SimpleBench,,0.5714839675954659,-0.0670959112991394,0.822836794171034,False,matchalign
axis3,Fiction.LiveBench,,0.5672564004713064,-0.4906778813982969,1.2063684891425497,False,matchalign
axis3,MATH Level 5,,0.5495199753875596,-1.2698670743231135,1.610294881338852,False,matchalign
axis3,OTIS Mock AIME 2024-2025,,0.5240603767353765,-1.690501421970105,2.0472875017951604,False,matchalign
axis3,METR Time Horizons,,0.5208893834315482,-0.10179981348391369,0.7661964763946276,False,matchalign
axis3,VisualToolBench,,0.5202189292604315,-0.49689800873936507,1.1801343320722195,False,matchalign
axis3,SWE-Bench Verified,,0.5191436709898904,-0.2091364914775592,0.8775335035080899,False,matchalign
axis3,Remote Labor Index,,0.49376702536973904,-0.6272092566597787,1.3453416697024472,False,matchalign
axis3,Humanity's Last Exam,,0.47846743229046707,-0.5304320742082912,0.9050997578470981,False,matchalign
axis3,WeirdML,,0.45316866784953913,-0.14696724574331735,0.6920877671863293,False,matchalign
axis3,MCP Atlas,,0.43957611423180387,-0.18093772299703056,0.9266706313465206,False,matchalign
axis3,OS World (Screenshot),,0.41536937068374913,-0.37422990334783784,1.1036693403842623,False,matchalign
axis3,PostTrainBench,,0.41412794354163973,-0.15260456936154093,0.9219213110292896,False,matchalign
axis3,SimpleQA Verified,,0.41188164930680105,-0.45428477798062616,0.9227309412110971,False,matchalign
axis3,OS World 2,,0.41148537334645496,-0.46466645131697537,1.138421140216748,False,matchalign
axis3,CursorBench,,0.4007886647445893,-0.20540469613795798,0.8070053418303658,False,matchalign
axis3,ExploitBench,,0.38749508102469643,-0.4661363035195149,1.0876454317774789,False,matchalign
axis3,FrontierCode,,0.36386707461518375,-0.4752195856086102,1.0533498641691543,False,matchalign
axis3,BALROG,,0.35515082399709075,-0.15871444315472402,0.6604631165183873,False,matchalign
axis3,GPQA Diamond Chemistry,,0.3478121686756437,-0.48702176320211105,0.6669593799737726,False,matchalign
axis3,AudioMultiChallenge,,0.30359851093319157,-0.2672053606335944,0.7018794311758748,False,matchalign
axis3,GPQA Diamond,,0.30013599453782275,-0.5918845686742492,0.7358814860304799,False,matchalign
axis3,GPQA Main Chemistry,,0.28876275565939813,-0.4394762796699279,0.5915938569115242,False,matchalign
axis3,LiveBench,,0.2831571868754321,-0.3362967094876446,0.7473456121071281,False,matchalign
axis3,DeepResearchBench,,0.27027371107123455,-0.2010465246775349,0.5176504967673026,False,matchalign
axis3,BioLP-bench,,0.2529882306371132,-0.7238983003998929,1.0150616791278628,False,matchalign
axis3,Lech Mazur Writing,,0.25232485449327,-0.15538486355649156,0.5022844299587658,False,matchalign
axis3,LAB-Bench SeqQA,,0.2500477047962767,-0.31615782547911025,0.45759216535455044,False,matchalign
axis3,CSQA2,,0.24595719183199727,-0.6014020474157561,0.6300202621314759,False,matchalign
axis3,SciCode,,0.2086685495322376,-0.1543642535654373,0.3527805550435691,False,matchalign
axis3,MultiChallenge,,0.20326758406098755,-0.160210764378601,0.5359436752533894,False,matchalign
axis3,VPCT,,0.19343052183515302,-0.5208223488587835,0.7942841710929572,False,matchalign
axis3,PRBench Finance,,0.19147583199581425,-0.3469476058409433,0.6771937862614735,False,matchalign
axis3,MMLU Chemistry,,0.18608225201168893,-0.25176491860898986,0.3894720320677869,False,matchalign
axis3,HellaSwag,,0.175693478716986,-0.528228326107845,0.5405555094816877,False,matchalign
axis3,PRBench Legal,,0.17448901241239978,-0.3208572528643056,0.6848200037531043,False,matchalign
axis3,SEAL Instruction Following,,0.1498305021290785,-0.33424374801089557,0.5813977486826957,False,matchalign
axis3,TutorBench,,0.1423105757841011,-0.08675107061889505,0.28606015923948924,False,matchalign
axis3,Chess Puzzles,,0.1417062860654698,-1.3207347469055346,1.5560425386462928,False,matchalign
axis3,SEAL Tool Use (Enterprise),,0.1412570210930592,-0.29760693324126586,0.7278587527667344,False,matchalign
axis3,GPQA Diamond Biology,,0.13573898105068316,-0.4277280954818894,0.5487465030683442,False,matchalign
axis3,GPQA Main Biology,,0.13514015621013215,-0.4563130321396442,0.580513596347704,False,matchalign
axis3,LAMBADA,,0.13221372818023858,-0.25976557139885936,0.332749045425473,False,matchalign
axis3,Visual Task Assessment (VISTA),,0.11903649752847643,-0.13869104553501813,0.317198865454825,False,matchalign
axis3,CL-Bench Life,,0.11853240386085023,-0.4733798198869628,0.6170324232253271,False,matchalign
axis3,TriviaQA,,0.10821737516565802,-0.38044859425832234,0.3988134922198106,False,matchalign
axis3,LAB-Bench LitQA2,,0.10398838060068379,-0.07462841030865164,0.26949708609096196,False,matchalign
axis3,LAB-Bench Cloning,,0.0880172594035449,-0.2729422794089361,0.4550141458414333,False,matchalign
axis3,WinoGrande,,0.08394551086410586,-0.33226207809072356,0.3240165186250712,False,matchalign
axis3,LAB-Bench Protocol,,0.07700210412766026,-0.23155696251553357,0.43884766782542844,False,matchalign
axis3,MMLU Biology,,0.07185295833403885,-0.11346641810817401,0.19772035401726964,False,matchalign
axis3,CL-Bench,,0.0639537481165044,-0.315392145404773,0.3636903041058258,False,matchalign
axis3,Adversarial NLI,,0.050011911807609,-0.6311921685136086,0.6112540726637068,False,matchalign
axis3,GeoBench,,0.04874977140035802,-0.2944210877872422,0.37029585217541977,False,matchalign
axis3,MMLU Pro Chemistry,,0.04504752652445404,-0.6288742475168624,0.9236989296675957,False,matchalign
axis3,PIQA,,0.032829901342668985,-0.22615882204392854,0.18947375303732997,False,matchalign
axis3,ForecastBench,,0.02465951928374398,-0.0343461433895395,0.09984094363824621,False,matchalign
axis3,BoolQ,,-0.02354311563341875,-0.36816182134687847,0.3394758473734778,False,matchalign
axis3,SuperGLUE,,-0.03474236177213827,-0.4925308216235661,0.45818062863817927,False,matchalign
axis3,ScienceQA,,-0.06592151092104756,-0.4962643245888416,0.4900343224166027,False,matchalign
axis3,MMLU Pro Biology,,-0.06699487689087834,-0.4632171122851819,0.6978355426877716,False,matchalign
axis3,MMLU,,-0.08315535342485976,-0.46609176272875225,0.28672560636953254,False,matchalign
axis3,BIG-Bench Hard (BBH),,-0.08630486583351576,-0.5326984992531849,0.3647088113044634,False,matchalign
axis3,WMDP Chemistry,,-0.13650143050431773,-0.4458792375566784,0.5591108475073918,False,matchalign
axis3,OpenBookQA,,-0.15321293660426438,-0.7484710808574359,0.6735525602485188,False,matchalign
axis3,WMDP Biology,,-0.1950035810383788,-0.4257121257585709,0.463808390841889,False,matchalign
axis3,GSM8K,,-0.20318186827539297,-1.1632485981101188,0.5301907147170054,False,matchalign
axis3,ARC (AI2),,-0.20687593582680006,-0.7657194376331646,0.6547674023365032,False,matchalign
axis3,Video-MME,,-0.24039365933631923,-0.43792018112415815,0.3634885081219669,False,matchalign
axis1,OTIS Mock AIME 2024-2025,,2.1685251088924926,0.9657198556111692,2.616759608977793,True,promax
axis1,MATH Level 5,,1.6499463811951978,0.9256797384210297,2.02059965845094,True,promax
axis1,Chess Puzzles,,1.5516174582473194,0.725442492343443,2.0511061081685025,True,promax
axis1,CritPt,,1.0626584598921636,0.5896854154113786,1.6370864953480382,True,promax
axis1,FrontierMath,,0.9568629629603489,0.5741071080134732,1.4284360498861464,True,promax
axis1,BioLP-bench,,0.8899069271175795,0.44308707188626495,1.2347270277750926,True,promax
axis1,Fiction.LiveBench,,0.7692643488866163,0.0752115207644173,1.4343234863256638,True,promax
axis1,GPQA Diamond,,0.7557592475580972,0.44157903441635776,0.9431438489663404,True,promax
axis1,Humanity's Last Exam,,0.7215685480598145,0.42742967993388165,1.0899665804509135,True,promax
axis1,MMLU Pro Chemistry,,0.7058260608891486,0.11083924819206127,1.0568177536677812,True,promax
axis1,VisualToolBench,,0.7006980821727353,0.2466725822836807,1.2671884546007282,True,promax
axis1,FrontierMath Tier 4,,0.6985200154596949,0.1527205768364086,1.8260303737368813,True,promax
axis1,SimpleQA Verified,,0.687058263485718,0.1819734782387685,1.135497740919894,True,promax
axis1,ARC-AGI-2,,0.6831320476832541,-0.3725682596028006,3.2155458658611664,False,promax
axis1,EnigmaEval,,0.6448869517216318,0.12645641431062146,1.2221701810095722,True,promax
axis1,GPQA Diamond Chemistry,,0.6268262318241802,0.38640918089079873,0.9934960684792243,True,promax
axis1,APEX Agents,,0.5918915452709612,0.09314374177635579,1.1525667375971427,True,promax
axis1,GPQA Main Chemistry,,0.5918015337769693,0.30923013072541394,0.8198393066066184,True,promax
axis1,VPCT,,0.5704571300270668,0.16669597066414718,0.9492824511942433,True,promax
axis1,ARC-AGI,,0.5495629046658563,-0.1362223255461049,2.208409052510468,False,promax
axis1,GPQA Main Biology,,0.5468798793343441,0.19880346655758,0.777204179812418,True,promax
axis1,LiveBench,,0.5043481459163496,0.2261091964290228,0.8111964537526548,True,promax
axis1,GPQA Diamond Biology,,0.48454762056779477,0.16048756698114916,0.7849866826128123,True,promax
axis1,WMDP Chemistry,,0.46480724316288397,-0.2066792534112941,0.6525741671594913,False,promax
axis1,LAB-Bench SeqQA,,0.4308664500212609,0.2463633339496557,0.6508521089609013,True,promax
axis1,CL-Bench Life,,0.4112217192044895,-0.16008776547125478,0.8211910699518958,False,promax
axis1,SEAL Instruction Following,,0.38313116599746955,0.05424941382558786,0.709542800825459,True,promax
axis1,MMLU Pro Biology,,0.37584711506999735,-0.31205104032340836,0.7962803114623296,False,promax
axis1,WeirdML,,0.363678658759807,0.0899122178074654,0.7657877052376995,True,promax
axis1,MMLU Chemistry,,0.3446113610372361,0.16752445555357473,0.549438503328755,True,promax
axis1,WMDP Biology,,0.34364570848802206,-0.3059571273034829,0.5556051682056447,False,promax
axis1,MultiNRC,,0.3415819919890808,0.012730468305754914,0.9337270741173977,True,promax
axis1,The Agent Company,,0.32895659163833213,-0.3315756766423619,1.3478540857160346,False,promax
axis1,CursorBench,,0.3277948787309165,0.058795591834035175,0.84642551589586,True,promax
axis1,LAB-Bench Cloning,,0.28646893719891064,0.03426600230389835,0.5758045380781923,True,promax
axis1,SEAL Tool Use (Enterprise),,0.2854561476079919,-0.13088173122600955,0.853169856764469,False,promax
axis1,LAB-Bench Protocol,,0.2711860518600338,0.05467564754746965,0.5633912552713373,True,promax
axis1,TerminalBench,,0.2555151696724488,-0.1414821823731501,1.258625604512914,False,promax
axis1,SciCode,,0.24966615625954944,0.07715960766424468,0.434373949118416,True,promax
axis1,Aider Polyglot,,0.21401806314646596,-0.33847187430971176,1.7856803979944975,False,promax
axis1,MultiChallenge,,0.21347054761471967,-0.17934067268934237,0.557218506122366,False,promax
axis1,CL-Bench,,0.21160066139099631,-0.24820769666885767,0.5438975368213265,False,promax
axis1,Visual Task Assessment (VISTA),,0.20120179581420816,0.08916744798238865,0.37481802442845114,True,promax
axis1,MCP Atlas,,0.15699223749716368,-0.36706084788346477,0.778316932297245,False,promax
axis1,GeoBench,,0.14171523477793108,-0.40458185312340306,0.5158664871999127,False,promax
axis1,AudioMultiChallenge,,0.1286957728458688,-0.36016458562233983,0.68637835803341,False,promax
axis1,ExploitBench,,0.1286754622183041,-0.5950638483309392,0.9655649006511273,False,promax
axis1,TutorBench,,0.1156484266025589,-0.048078661037974306,0.30821307261417985,False,promax
axis1,Video-MME,,0.09444506377735849,-0.35103568391274764,0.4847050811170453,False,promax
axis1,BALROG,,0.0840879100359992,-0.24189211601564362,0.6960213303148803,False,promax
axis1,MMLU Biology,,0.07563394099401327,-0.057418926896324884,0.3159452811370419,False,promax
axis1,LAB-Bench LitQA2,,0.0731200953327435,-0.0555343658845824,0.2770216561536433,False,promax
axis1,OS World 2,,0.05426164807649747,-0.7272346794003555,0.8530355981323995,False,promax
axis1,FrontierCode,,0.04063347188668475,-0.6766686487536858,0.9075671367339101,False,promax
axis1,ForecastBench,,0.024055208382177243,-0.04900905665356279,0.09823375912379202,False,promax
axis1,PostTrainBench,,0.01831434186816131,-0.3423249836773217,0.8759408084503882,False,promax
axis1,CAD-Eval,,0.01048079487913308,-0.3917540214133525,1.068141012921067,False,promax
axis1,SimpleBench,,0.008144415611490752,-0.1875579212160283,0.8226582012300846,False,promax
axis1,METR Time Horizons,,0.0033789060443420982,-0.2824503751594759,0.7415012627972144,False,promax
axis1,PRBench Legal,,-0.010546655853963345,-0.38482378681825186,0.31939468540866156,False,promax
axis1,Lech Mazur Writing,,-0.013836732613622983,-0.3265669516864531,0.4020861854742374,False,promax
axis1,OS World (Screenshot),,-0.022613899280600834,-0.5697823463854255,1.0459309981883054,False,promax
axis1,LAMBADA,,-0.026013844759768385,-0.28740283480690854,0.32614477282345117,False,promax
axis1,PRBench Finance,,-0.03335742400949589,-0.35125149008271317,0.33426850189403623,False,promax
axis1,TriviaQA,,-0.053809459347681395,-0.30820252595039976,0.5361444159643405,False,promax
axis1,SWE-Bench Verified,,-0.07469200091576758,-0.40529861131991995,0.6306164945394576,False,promax
axis1,SWE-Bench Pro (Private),,-0.08808317695216838,-0.6408486253053935,0.9179649131231259,False,promax
axis1,PIQA,,-0.11438929267772854,-0.19581331687114795,0.208950928512905,False,promax
axis1,DeepResearchBench,,-0.11564695905432579,-0.3541191858549406,0.2949593757845198,False,promax
axis1,GSM8K,,-0.1194615748701485,-1.0169297322571031,1.0033621576291338,False,promax
axis1,SWE-Bench Pro,,-0.13099886285530188,-0.6274577053995583,0.7704049195255775,False,promax
axis1,MMLU,,-0.1342252448337865,-0.413303308214191,0.5710909130917792,False,promax
axis1,WinoGrande,,-0.1628291172265833,-0.2904124063885842,0.3618738880965778,False,promax
axis1,Remote Labor Index,,-0.16736653250344447,-1.225373641421028,0.7455131827437558,False,promax
axis1,Cybench,,-0.19648649032158455,-0.7688132653065137,1.3621788676668223,False,promax
axis1,BoolQ,,-0.24277861316186578,-0.38001602715621025,0.3797104944256771,False,promax
axis1,BIG-Bench Hard (BBH),,-0.2799078361479225,-0.5056511634417773,0.5679890704103171,False,promax
axis1,GSO-Bench,,-0.3003760992085703,-0.7358291503589817,1.2826010797634118,False,promax
axis1,HellaSwag,,-0.32741984531633417,-0.519195244029955,0.4836714202653346,False,promax
axis1,SuperGLUE,,-0.3417756694935722,-0.680671952162905,0.34592237713374824,False,promax
axis1,ScienceQA,,-0.3950349692612058,-0.8180926759710136,0.018996068420886487,False,promax
axis1,CSQA2,,-0.4551865530310687,-0.7235607614430559,0.3886542052287498,False,promax
axis1,Adversarial NLI,,-0.488557856951475,-0.8160851853627538,0.15274930931015276,False,promax
axis1,ARC (AI2),,-0.6691190757806622,-0.899470025177465,0.4132104201888281,False,promax
axis1,OpenBookQA,,-0.6814945107315085,-0.9091689889209974,0.2868666122360972,False,promax
axis2,ARC-AGI-2,,2.243164021678056,-0.4578211050722663,3.414007432072044,False,promax
axis2,ARC-AGI,,1.5213515445952916,-0.3085870499652175,2.302871631158791,False,promax
axis2,Cybench,,1.510827347413007,0.2495953904268776,2.1518727609785273,True,promax
axis2,GSO-Bench,,1.4448232673962957,-0.12021573780391467,1.96120527085361,False,promax
axis2,Aider Polyglot,,1.242790806134077,-0.5148759275400752,1.8111570796779237,False,promax
axis2,TerminalBench,,1.0203148343655148,-0.07255901964318373,1.4071236124214144,False,promax
axis2,CAD-Eval,,1.0111341979603439,0.038842771643373,1.5420449631433637,True,promax
axis2,FrontierMath Tier 4,,0.9682525744450609,-0.4011935898894586,1.7564648758080617,False,promax
axis2,SWE-Bench Pro (Private),,0.9479093567215471,0.1469729571122196,1.3453169787227528,True,promax
axis2,The Agent Company,,0.938180891201446,-0.25750314148573783,1.7434983279463308,False,promax
axis2,SWE-Bench Pro,,0.7560509094220957,-0.21892043621944415,1.1781634277504742,False,promax
axis2,Remote Labor Index,,0.7560112168334469,0.00604012142301978,1.7266371364476927,True,promax
axis2,OS World (Screenshot),,0.7333480764800009,-0.11518750034920928,1.3121089736857292,False,promax
axis2,SimpleBench,,0.677379472533793,-0.08085347628068129,0.9131009995097482,False,promax
axis2,APEX Agents,,0.6700452474785034,-0.14290846749575772,1.0597290063105096,False,promax
axis2,CritPt,,0.6690352210414781,-0.5140796612457051,1.162714835123444,False,promax
axis2,SWE-Bench Verified,,0.6559819603782624,-0.14257690428588018,0.9855980735220542,False,promax
axis2,MultiNRC,,0.6552617546474446,-0.0377024473164681,0.9451704170516371,False,promax
axis2,METR Time Horizons,,0.612285501535744,-0.3431420731792037,0.848955722756727,False,promax
axis2,MCP Atlas,,0.593190925113565,-0.1825161353630221,1.0693509602012445,False,promax
axis2,ExploitBench,,0.589671120437512,-0.2681558709165028,1.301732859895551,False,promax
axis2,OS World 2,,0.5845828140969205,-0.3710176706042148,1.3069304724862247,False,promax
axis2,CursorBench,,0.5666781894752444,-0.06439537052111431,0.8324331753803205,False,promax
axis2,FrontierCode,,0.5645811120865385,-0.3148297160840427,1.1968286638117056,False,promax
axis2,PostTrainBench,,0.5530333752099384,-0.34832562060110367,1.0067092412437633,False,promax
axis2,FrontierMath,,0.5477818387831114,-0.4901821779931916,0.9800730384681053,False,promax
axis2,Fiction.LiveBench,,0.5318713365978371,-0.3220856987228746,1.1227818938095255,False,promax
axis2,EnigmaEval,,0.4995352350888919,-0.2839346824094023,1.0110426069717415,False,promax
axis2,VisualToolBench,,0.48880029081407866,-0.3656074708007649,1.0704194795922197,False,promax
axis2,WeirdML,,0.48130526277946084,-0.06317666272664958,0.7392863351794756,False,promax
axis2,Humanity's Last Exam,,0.4558969497549419,-0.3438346216325122,0.8310461149911589,False,promax
axis2,BALROG,,0.3634119414910376,-0.40095361485794906,0.6365980871770962,False,promax
axis2,DeepResearchBench,,0.34016432355177795,-0.0525409465915017,0.5740734169634644,False,promax
axis2,SimpleQA Verified,,0.3320538845908322,-0.377241333097815,0.854723483094717,False,promax
axis2,AudioMultiChallenge,,0.32650593158858027,-0.32595691012949607,0.762783493531078,False,promax
axis2,CSQA2,,0.3162822260926943,-0.5534431276437024,0.6147773981424258,False,promax
axis2,MATH Level 5,,0.3035891077013695,-0.9816321057301612,1.0091221059604805,False,promax
axis2,GPQA Diamond Chemistry,,0.29380898081620643,-0.3461827787548635,0.6464822984920697,False,promax
axis2,Lech Mazur Writing,,0.27437668198851484,-0.17364267580821266,0.5567225050382222,False,promax
axis2,PRBench Finance,,0.26348861623724446,-0.05295577539531318,0.8376244167399239,False,promax
axis2,PRBench Legal,,0.2330337632620424,-0.054015471847006925,0.8298621848190901,False,promax
axis2,HellaSwag,,0.22460211753025255,-0.5345179673607476,0.4942574083367887,False,promax
axis2,GPQA Main Chemistry,,0.2087270626918874,-0.3184779620258378,0.4753813717800806,False,promax
axis2,SciCode,,0.2070585915570432,-0.09762412055349022,0.34952148361760915,False,promax
axis2,LiveBench,,0.19682742303788592,-0.23307620947071475,0.5425784549358358,False,promax
axis2,MultiChallenge,,0.1940711423981512,-0.22489397929653984,0.5536069839026283,False,promax
axis2,LAB-Bench SeqQA,,0.1822340968669397,-0.21204338738882517,0.41939545602087325,False,promax
axis2,OTIS Mock AIME 2024-2025,,0.1771166961520037,-1.3710104046150944,1.491646371435591,False,promax
axis2,GPQA Diamond,,0.16654040076193471,-0.4496595411398079,0.5109852419172645,False,promax
axis2,TutorBench,,0.16487791694054227,-0.08895643358906061,0.3247649653097774,False,promax
axis2,MMLU Chemistry,,0.16012595791341983,-0.15943284160661428,0.33241571725526076,False,promax
axis2,LAMBADA,,0.15719094177801757,-0.3077658972760508,0.34859924544292187,False,promax
axis2,LAB-Bench LitQA2,,0.1423792575163158,-0.04612631274599003,0.27875642323245137,False,promax
axis2,TriviaQA,,0.12723656911099912,-0.41550135771341695,0.37051695004507373,False,promax
axis2,Adversarial NLI,,0.11685812310990012,-0.4984831780858066,0.5461153115200642,False,promax
axis2,WinoGrande,,0.10339727147842681,-0.2828175855721684,0.284318053480778,False,promax
axis2,CL-Bench Life,,0.10163504531246363,-0.40026554468584463,0.6194888367986127,False,promax
axis2,VPCT,,0.09958969960399719,-0.44653911736202556,0.5723725021471857,False,promax
axis2,SEAL Instruction Following,,0.09734631036291408,-0.2982088379113618,0.5192109286538045,False,promax
axis2,Visual Task Assessment (VISTA),,0.09700521217973779,-0.09588993389194975,0.3068136367263913,False,promax
axis2,CL-Bench,,0.08012194637797691,-0.2602667843919272,0.39985544147037344,False,promax
axis2,MMLU Biology,,0.06328882678924444,-0.09439475177794619,0.18341452631125088,False,promax
axis2,BioLP-bench,,0.06236833509164741,-0.527986558558442,0.652079270230641,False,promax
axis2,GPQA Diamond Biology,,0.061510101781194065,-0.32460884168395304,0.3810830798087287,False,promax
axis2,SEAL Tool Use (Enterprise),,0.04732431229986295,-0.5785069070864217,0.512366667284399,False,promax
axis2,PIQA,,0.046896776858482134,-0.19828184624751768,0.16905730941222685,False,promax
axis2,GPQA Main Biology,,0.041167307541062494,-0.34799837835684,0.3677189357132393,False,promax
axis2,ForecastBench,,0.016757527674597122,-0.08047035972071172,0.09028200641146325,False,promax
axis2,LAB-Bench Protocol,,0.011009947617247827,-0.20925009930707905,0.23995285111667317,False,promax
axis2,LAB-Bench Cloning,,0.009329784679658046,-0.25087957262290933,0.3026710050102522,False,promax
axis2,ScienceQA,,-0.0063718368408883265,-0.39303178892148627,0.40793489638323066,False,promax
axis2,Chess Puzzles,,-0.0065588635663957565,-1.1054297939696394,1.0734020177391166,False,promax
axis2,GeoBench,,-0.010195174254247827,-0.37420461535062727,0.3191051425496312,False,promax
axis2,SuperGLUE,,-0.015512411057030768,-0.40867254080863563,0.3960123642294112,False,promax
axis2,BoolQ,,-0.022212811910425796,-0.2972187262838797,0.278687945555635,False,promax
axis2,OpenBookQA,,-0.06716861700935967,-0.5645398957382691,0.6032123414874365,False,promax
axis2,MMLU Pro Chemistry,,-0.09754522689185177,-0.5526184497346661,0.40361302492451795,False,promax
axis2,ARC (AI2),,-0.11364633393725673,-0.6277939622259116,0.5634108686882722,False,promax
axis2,BIG-Bench Hard (BBH),,-0.15087023932248178,-0.5109302177513406,0.24973591473456888,False,promax
axis2,MMLU,,-0.22075243257633304,-0.51821027261525,0.12443745286249557,False,promax
axis2,MMLU Pro Biology,,-0.22488591069579922,-0.6890925306804401,0.5001784567445183,False,promax
axis2,WMDP Chemistry,,-0.2608504691464558,-0.43708213554361375,0.2949527116559839,False,promax
axis2,Video-MME,,-0.32640315377510415,-0.5310561114312894,0.12555922107178966,False,promax
axis2,WMDP Biology,,-0.3281345678232021,-0.5150078013828343,0.25064252517715296,False,promax
axis2,GSM8K,,-0.7292614291465294,-1.3524405089544336,0.35896822718140564,False,promax
axis3,GSM8K,,1.8911011407395009,1.168582080102192,2.3429356821687817,True,promax
axis3,BIG-Bench Hard (BBH),,0.9307153105828481,0.6931022042906388,1.1462804215779052,True,promax
axis3,ARC (AI2),,0.9018810570892315,0.6100281926592284,1.21058858688554,True,promax
axis3,MMLU,,0.8840474306836692,0.576688575246743,1.0102865318716079,True,promax
axis3,SimpleQA Verified,,0.6949085112509954,-0.1452637944626178,1.1954095048714637,False,promax
axis3,OpenBookQA,,0.688187504772398,0.3749710471588567,1.0292376568326431,True,promax
axis3,MMLU Pro Chemistry,,0.6373387191784032,0.05916719237755488,1.0116325773627886,True,promax
axis3,MMLU Pro Biology,,0.624474604426623,0.1500568617624849,0.980289104159607,True,promax
axis3,BoolQ,,0.5882972648622716,0.4281329441922838,0.7045872009837526,True,promax
axis3,SuperGLUE,,0.5866178382953273,0.016688264505786598,1.040484808269672,True,promax
axis3,HellaSwag,,0.554065104992005,0.3200685566748051,0.7746500906063695,True,promax
axis3,GeoBench,,0.4956016130075125,-0.03576903519694775,1.0857960731132905,False,promax
axis3,WMDP Biology,,0.48545710427614774,0.02137589402349585,0.7444358894988296,True,promax
axis3,BioLP-bench,,0.4842617562916441,-0.1709322278959313,1.0960042691600218,False,promax
axis3,TriviaQA,,0.4722974048433318,0.20465745009431402,0.7050525931608107,True,promax
axis3,SEAL Tool Use (Enterprise),,0.4501739772840767,0.046019263705662984,0.7830141706743491,True,promax
axis3,LAB-Bench Cloning,,0.43412430288468723,-0.04035622310411922,0.7654602753473122,False,promax
axis3,WinoGrande,,0.4326031644090491,0.29084724161373116,0.5518839045662629,True,promax
axis3,ScienceQA,,0.4318742762746656,-0.009629163101599147,0.9569753639401034,False,promax
axis3,LAB-Bench Protocol,,0.4246571693937479,0.0976947888348745,0.6810329063644827,True,promax
axis3,LiveBench,,0.3805428777410773,-0.02381500978783423,0.5908378433995074,False,promax
axis3,MultiNRC,,0.3797309654497114,-0.22312702931555423,0.6925143049427255,False,promax
axis3,EnigmaEval,,0.3665400095910506,-0.2999432280647281,0.7707934044561443,False,promax
axis3,WMDP Chemistry,,0.3656892739012533,-0.0969091082675924,0.5950210117925172,False,promax
axis3,CSQA2,,0.36045087742663595,-0.13339917516583957,0.8573446526972051,False,promax
axis3,Adversarial NLI,,0.3565275499134153,-0.0630244285419201,0.8297163266420857,False,promax
axis3,Fiction.LiveBench,,0.35515446175215487,-0.3465653628960291,0.9507259689192606,False,promax
axis3,BALROG,,0.35223435466520514,-0.029500027363492012,0.5959301987460598,False,promax
axis3,Aider Polyglot,,0.292901832696314,-0.7150699435337449,0.8746956198219319,False,promax
axis3,CAD-Eval,,0.29148034448406207,-0.7123688352119293,0.7991601992484771,False,promax
axis3,LAMBADA,,0.27762355017793927,0.013909612186984091,0.4793478646505218,True,promax
axis3,Visual Task Assessment (VISTA),,0.2675178109571583,-0.06266866095819361,0.4031938545456444,False,promax
axis3,SimpleBench,,0.26691283476399835,-0.3849279894769205,0.5335475848058769,False,promax
axis3,PIQA,,0.2652833018062456,0.17646120662316736,0.33972594109633353,True,promax
axis3,Video-MME,,0.261622215287227,-0.04342845277561481,0.46328049704771485,False,promax
axis3,AudioMultiChallenge,,0.24112792417260903,-0.26543585190833024,0.591034957180974,False,promax
axis3,VisualToolBench,,0.2260137777539164,-0.4860007754644398,0.7256614433006009,False,promax
axis3,MMLU Biology,,0.20947922662448973,0.024932348803518346,0.4072909951227402,True,promax
axis3,MultiChallenge,,0.2080283750434335,-0.13420313334636833,0.5450379987517281,False,promax
axis3,Lech Mazur Writing,,0.1835619446174313,-0.3906244350608387,0.5405948828645004,False,promax
axis3,METR Time Horizons,,0.14278309816408963,-0.25859105520101366,0.3811591281279937,False,promax
axis3,MATH Level 5,,0.13123298573153783,-0.41142097502888436,0.5983544059958212,False,promax
axis3,VPCT,,0.1192872275538166,-0.28606637302464843,0.49880194133941097,False,promax
axis3,MMLU Chemistry,,0.10062586514037845,-0.0975610557131402,0.3720290254559829,False,promax
axis3,TutorBench,,0.0963245997257641,-0.09839314133881558,0.28503428509951567,False,promax
axis3,Humanity's Last Exam,,0.09464564072693801,-0.276123502944783,0.33236388637907327,False,promax
axis3,GPQA Main Biology,,0.0836286647654994,-0.214937829019471,0.4437584495998584,False,promax
axis3,LAB-Bench LitQA2,,0.07870127622771197,-0.11540610200259663,0.23264523984767768,False,promax
axis3,GPQA Diamond,,0.07507152341359419,-0.1434151412317701,0.2287999121294982,False,promax
axis3,DeepResearchBench,,0.06475734345374387,-0.2166548551991969,0.3349546557138792,False,promax
axis3,ForecastBench,,0.061796802187357114,-0.007096618853035095,0.10709184493214882,False,promax
axis3,PRBench Legal,,0.05511598546405452,-0.42485975213005955,0.25469051350893757,False,promax
axis3,SWE-Bench Verified,,0.04021187746536607,-0.43076669311165317,0.3827334349184539,False,promax
axis3,OTIS Mock AIME 2024-2025,,0.023747707642622965,-0.6163416514675218,0.8186169417730189,False,promax
axis3,LAB-Bench SeqQA,,0.023658819714495898,-0.21332588585583123,0.22806513307303533,False,promax
axis3,MCP Atlas,,0.016467215992500586,-0.4608189249023166,0.7928685629028731,False,promax
axis3,GPQA Diamond Biology,,0.006065525948463475,-0.37469348309592937,0.3812004309167025,False,promax
axis3,SciCode,,0.005770251968914071,-0.11684015589255685,0.139766329483713,False,promax
axis3,WeirdML,,0.001086309681539686,-0.21841708895091694,0.19023908653444344,False,promax
axis3,PRBench Finance,,0.0010377945412462083,-0.41596876698839524,0.2332633494571797,False,promax
axis3,GPQA Main Chemistry,,-0.05888972094315135,-0.2552946617218445,0.30995928193723477,False,promax
axis3,SEAL Instruction Following,,-0.09618664149616578,-0.42799173139208896,0.30262578517620164,False,promax
axis3,The Agent Company,,-0.10522667832533332,-0.8797700778800126,0.8304488998710239,False,promax
axis3,TerminalBench,,-0.10801577127599891,-0.6355000306575032,0.4198717584094423,False,promax
axis3,ARC-AGI,,-0.10917326885563014,-0.5409424230684221,0.17252911035717908,False,promax
axis3,SWE-Bench Pro,,-0.1408692444443157,-0.7207510466178965,0.4560851663850413,False,promax
axis3,FrontierMath,,-0.14606324763983158,-0.4060241452582426,0.328936780080508,False,promax
axis3,Chess Puzzles,,-0.17802668751294598,-0.9199716977393733,0.8789881021426736,False,promax
axis3,GPQA Diamond Chemistry,,-0.19542000026724732,-0.505962701901475,0.12169477431216388,False,promax
axis3,APEX Agents,,-0.20113465767488087,-0.5925573447817049,0.15825619422876452,False,promax
axis3,CL-Bench,,-0.21232214745393396,-0.48501856475170957,0.13396961966120113,False,promax
axis3,CursorBench,,-0.2231106860447417,-0.5399331210797195,0.17266080490093294,False,promax
axis3,CritPt,,-0.26014799594314497,-0.6571374234996374,0.2949839076464511,False,promax
axis3,CL-Bench Life,,-0.2848981557401752,-0.6967167183585008,0.23915226081534124,False,promax
axis3,GSO-Bench,,-0.3636367275042522,-1.096073473948101,0.968765685085971,False,promax
axis3,PostTrainBench,,-0.404053381234051,-0.7545479487995906,0.49774007382012403,False,promax
axis3,SWE-Bench Pro (Private),,-0.4356259752665418,-0.8931984666664478,0.2298289142054929,False,promax
axis3,ARC-AGI-2,,-0.5912872711068515,-1.1303919429829052,0.32792366947574614,False,promax
axis3,FrontierMath Tier 4,,-0.5992426229128665,-1.1440294719595598,0.23083764142396965,False,promax
axis3,OS World 2,,-0.6488389465420746,-1.4351826540247774,0.6488681307388137,False,promax
axis3,Cybench,,-0.6528879786273944,-1.2521430034906103,0.7422739650332084,False,promax
axis3,FrontierCode,,-0.6848561290680145,-1.4486558104760014,0.25475879039619564,False,promax
axis3,Remote Labor Index,,-0.6867233269053548,-1.1157591536473697,0.20312584667989325,False,promax
axis3,ExploitBench,,-0.6952347229974457,-1.4347011708990867,0.27185742984504785,False,promax
axis3,OS World (Screenshot),,-0.8216831990111776,-1.655866459799824,0.6973866734043268,False,promax
