# The two floors fits (both 8 chains x 10,000 draws) scored on the 3,955
# rows shared between the pre- and post-refresh data generations (equal
# observed score required; 15 changed-score pairs excluded). Pointwise
# az.loo per fit, summed over the common rows; pareto-k splits on the same
# rows. The signed fit is trace_..._floors_8x10000.nc (pre-refresh data);
# the final fit validates against loo_cv_full.csv (6,335.1 vs 6,335.0 on
# all 4,158 rows). Generated for memo/make_memo_figs.py --loo-ladder.
label,elpd_loo,se,eta_rhat,n_chains,k_good,k_ok,k_unreliable,n_rows
K=3 + both + floors (final),5993.0,70.8,1.001,8,2409,937,609,3955
signed + floors,6027.1,70.0,1.031,8,2332,939,684,3955
