axis,benchmark,category,loading_median,hdi_low,hdi_high,bench_norm,axis_share
axis1,VPCT,Multimodal Understanding,5.7638986168104065,-5.929982262377877,9.511783075481285,6.6363158315301645,0.7543598638560891
axis1,ARC-AGI-2,Core AGI Progress,4.120824947841259,-1.4153731585501415,7.801571176114624,5.034224413336998,0.6700437945462301
axis1,ARC-AGI,Core AGI Progress,2.7439280014617156,-0.7929801340081605,5.514665925712648,3.2824600689974077,0.6987897403489656
axis1,Cybench,Agentic Computer Use,2.3418272733838754,-1.8977029443390871,4.905968239133107,2.4888559194908946,0.8853402467888899
axis1,Aider Polyglot,Autonomous SWE,2.197216011473354,-0.7590817259181482,4.132908932985829,2.24581840398461,0.957185778377093
axis1,OTIS Mock AIME 2024-2025,High End Math Reasoning,2.1833759858062596,-4.140651579789256,7.463474419582065,3.058337086278983,0.5096668142046341
axis1,DeepSWE,Autonomous SWE,2.1520766105838485,-0.28532874919685525,4.061125481979749,2.709497673802424,0.6308671154374278
axis1,SimpleBench,General Reasoning,1.9765851513712063,-1.35417611955307,3.1891658672785197,2.1543126508598784,0.8418090559415478
axis1,CAD-Eval,Multimodal Understanding,1.8049834802068656,-1.9730492687961945,4.0914086474557365,1.930704792377421,0.8740066031175195
axis1,GSO-Bench,Autonomous SWE,1.789782938445453,-1.3427730665168658,3.887720927831797,1.8164005360281252,0.970906670141051
axis1,The Agent Company,Agentic Computer Use,1.7886708448653021,-2.3428321720353007,4.682616155817372,1.9030060304426846,0.8834470545805848
axis1,FrontierMath Tier 4 v1,High End Math Reasoning,1.7151393831343353,-0.49093297136351344,3.9102203836190808,2.129021861762688,0.6489908842115691
axis1,MATH Level 5,High End Math Reasoning,1.7056487540492058,-3.46157867272861,6.178854660114198,2.5246044749134366,0.45644926000269287
axis1,SimpleQA Verified,Domain Specific Questions,1.6914815392759186,-1.6784152029803407,3.170454622291712,1.909382813230479,0.7847810478126147
axis1,CritPt,Domain Specific Questions,1.6290751260764695,-0.4963741675005092,3.7495978404300656,2.3154425731334864,0.4950102556231553
axis1,TerminalBench,Agentic Computer Use,1.6026644375497947,-0.12391272365844151,2.8355972646164718,1.6215728746460383,0.9768148617062745
axis1,VisualToolBench,Multimodal Understanding,1.5890026479198547,-0.9457262148405554,3.1919126642318347,1.6319058973006382,0.9481106350434386
axis1,Humanity's Last Exam,Domain Specific Questions,1.544634945936639,-0.7212639459015872,2.8139049810699692,1.6834141172714197,0.8419179762338489
axis1,SWE-Bench Pro (Private),Autonomous SWE,1.5306642217037294,-0.9679158173233953,3.0186628655002554,1.6101623030875263,0.9036922386590498
axis1,OS World (Screenshot),Agentic Computer Use,1.455077889560748,-1.9012270975402552,3.3046900272726805,1.6584345875601545,0.7697962475379726
axis1,CSQA2,General Reasoning,1.4491054377261916,-3.5625481835291084,3.6547319680715886,2.045920381097361,0.5016750640639213
axis1,EnigmaEval,General Reasoning,1.4308058584518335,-0.6513976151441488,3.14767592800694,1.7696289490171437,0.6537278558211619
axis1,EBR-bench,Agentic Computer Use,1.2987552865063634,-1.8495687801943255,3.497801151731353,1.507834044756767,0.7419037512633408
axis1,Surface Evolver Bench,Autonomous SWE,1.2434814255516566,-1.3172190427914314,3.72985202228626,1.2716349667514149,0.9562108823913299
axis1,Fiction.LiveBench,Advanced Language and Writing,1.2150480618956783,-2.270579017141299,3.934927153708081,1.9542516018985077,0.38656805378777365
axis1,CursorBench,Autonomous SWE,1.1164722123463715,-0.20199484249226266,2.195193103657587,1.2263914032789434,0.8287769078248424
axis1,MCP Atlas,Agentic Computer Use,1.0823027771716567,-0.49570661468020183,2.349893447526755,1.133654813412463,0.9114563458726317
axis1,APEX Agents,Core AGI Progress,1.0753116018970599,-0.27023273216946364,2.2775553551574164,1.0788835671932393,0.9933893658643662
axis1,MultiNRC,Advanced Language and Writing,0.983327251097194,-0.08537394921753484,1.9617663045963596,1.1771610820309475,0.6977893857057489
axis1,WeirdML,Autonomous SWE,0.9280973427475768,0.1314196897712645,1.627099905166508,0.9712052376438377,0.9131981578923564
axis1,Remote Labor Index,Core AGI Progress,0.9218567119191505,-2.0033357193753116,3.010711041596346,1.2659978234813793,0.5302258855082412
axis1,METR Time Horizons,Autonomous SWE,0.8965697515335763,-0.38215957970267805,1.7707948724430467,0.9037710027012327,0.9841274806419872
axis1,PostTrainBench,Autonomous SWE,0.8104059707174113,-0.9997232674287712,2.0761356266957285,0.9029388536165124,0.8055427285485214
axis1,ProofBench,High End Math Reasoning,0.8008388369569484,-2.295285019948678,4.3184576670072525,2.668562601185039,0.0900607298064967
axis1,GPQA Diamond,Domain Specific Questions,0.7985495186017537,-1.808514168476097,3.6218541029286433,1.2630243780970223,0.3997424208054355
axis1,BlueprintBench 2,Multimodal Understanding,0.7705274883556703,-1.9729501816225954,3.0795967198224794,1.3041594112079067,0.34907191930381065
axis1,LiveBench,Core AGI Progress,0.763792935765629,-0.835814722581779,2.0749038583917585,0.825969432418467,0.8551126363825855
axis1,AudioMultiChallenge,Multimodal Understanding,0.7053304502896234,-2.1978249220034773,2.6803110149360165,0.8658517017547153,0.6635875620390352
axis1,BALROG,General Reasoning,0.6546125244622896,-1.2759419211263596,2.059727587017525,0.7941551629327559,0.6794506104542529
axis1,SWE-Bench Verified,Autonomous SWE,0.6453711786602067,-0.5875264709043555,1.7112976190308318,0.6719558450667518,0.9224390099734621
axis1,SpatialViz-Bench,Multimodal Understanding,0.6090389823671689,-1.6575619671100577,2.5431208360542437,0.6414071493014751,0.9016180333469876
axis1,MMLU Chemistry,Chemistry,0.6066272977867172,-0.6112444225121207,1.7120793882031413,0.6671224657696554,0.8268614917549999
axis1,GPQA Diamond Chemistry,Chemistry,0.5892380538594206,-1.720337424373498,4.400548030871464,0.9042163410963467,0.42465561424019327
axis1,MultiChallenge,Advanced Language and Writing,0.5652303097711502,-1.1741198425371937,1.7828966431232167,0.839830287153356,0.4529683096183647
axis1,PRBench Legal,Domain Specific Questions,0.5485603110897193,-0.6977678090904625,0.9354851906993679,0.6872387013082227,0.6371380596268016
axis1,PRBench Finance,Domain Specific Questions,0.5311066667410191,-0.7251670399319475,0.9729402147652906,0.6481235948553593,0.6715028211067336
axis1,SWE-Bench Pro,Autonomous SWE,0.5259950805033519,-1.277477934460513,2.6082356925955135,0.8369343085729967,0.39498501718443013
axis1,SciCode,Autonomous SWE,0.49287868813969526,-0.03334990979248901,0.9203333096264847,0.5052822118561078,0.9515071603688674
axis1,LAB-Bench SeqQA,Biology,0.48658118133188116,-0.9797583708680172,1.8925761416661429,0.5113301571017093,0.9055403410371226
axis1,OS World 2,Agentic Computer Use,0.48028859198721036,-2.3959499146842904,2.9013168150509046,1.0946382272309643,0.19251444481669314
axis1,GPQA Main Chemistry,Chemistry,0.46339473358443545,-1.6971332110629236,4.656806561429649,1.0011766928251842,0.21423021617272994
axis1,DeepResearchBench,Agentic Computer Use,0.4408349543209908,-0.9334289291745081,1.370150319739155,0.518679927009893,0.7223591257966627
axis1,LAB-Bench LitQA2,Biology,0.42802054549198176,-0.22757998326479179,0.9734130917935924,0.43624552651834586,0.9626474379184211
axis1,Lech Mazur Writing,Advanced Language and Writing,0.40198032689972696,-0.5686782592920073,1.2136834977601385,0.433161950038287,0.8612098684921269
axis1,SEAL Tool Use (Enterprise),Agentic Computer Use,0.37413753883660267,-1.1813864441515585,1.8388452507303725,0.49168860416435445,0.5790049605059303
axis1,GDPval,Core AGI Progress,0.36495323390057444,-1.255173251831689,2.2818709478889305,1.1019805936226381,0.10967977219989031
axis1,TutorBench,Advanced Language and Writing,0.3322798810650441,-0.4102781572668466,0.8549810754994112,0.38957621940891757,0.7274836133573248
axis1,Visual Task Assessment (VISTA),Multimodal Understanding,0.3249274897320107,-0.33156802974351557,0.9623970848450818,0.5282358499367072,0.37837041055277504
axis1,CL-Bench,Domain Specific Questions,0.3161939516684823,-0.449721548046873,1.1274470261000695,0.33933350881519886,0.8682676508490845
axis1,Chess Puzzles,General Reasoning,0.30907285242500093,-3.046022340561283,4.2637122424822085,1.5900513655765136,0.03778325872918023
axis1,ARC (AI2),Domain Specific Questions,0.29623498917025626,-4.378482924423821,4.666873598482385,4.438067046352337,0.004455382433742637
axis1,GDP.pdf,Core AGI Progress,0.2806944787779482,-1.2153070232737224,1.844450144202265,0.9868304647171484,0.08090635652185421
axis1,Mystery Game Puzzles,General Reasoning,0.27840633734935666,-1.2148839515992167,1.8384498828904965,0.6480687957503869,0.18455083395501218
axis1,SEAL Instruction Following,Advanced Language and Writing,0.2662143016918235,-1.0643319835720515,1.3393939826115997,0.270743519059308,0.9668222296090906
axis1,FrontierCode,Autonomous SWE,0.2608721320092323,-1.5475806265667027,1.9413631072657538,1.342906643910468,0.037736683563004705
axis1,Adversarial NLI,General Reasoning,0.246396055155631,-3.374113155297171,3.2394989016789353,2.3259449693103713,0.011221957773416093
axis1,CL-Bench Life,Domain Specific Questions,0.24131724505269703,-1.0046014233349756,1.547777489734463,0.3344882009391101,0.5204932622660594
axis1,MMLU Biology,Biology,0.24022070328424389,-0.43852730412292235,0.8506667880179017,0.26571537739496154,0.8173112770201486
axis1,GBAEval,Agentic Computer Use,0.23823209837901657,-7.201791920040799,5.7560686128867395,7.49855380613588,0.0010093586935512695
axis1,SuperGLUE,General Reasoning,0.22378181881852033,-1.6766457333667486,2.0567299915710464,0.8844832538872834,0.06401332251323567
axis1,ExploitBench,Agentic Computer Use,0.19020146396383597,-2.3355375719937137,2.8958380575819973,1.2788838816935548,0.02211899971703845
axis1,MindCube,Multimodal Understanding,0.1116562773772104,-3.5292254072953333,3.3379031413711995,0.5935674731908508,0.03538556224582294
axis1,ForecastBench,General Reasoning,0.09040381832060443,-0.5903540656842989,0.7498485094214364,0.165555858996513,0.2981840696423256
axis1,BioLP-bench,Biology,0.06549523707101734,-2.1494962512310303,3.4392068561519062,0.5435316459641096,0.01452010533444045
axis1,LAB-Bench Cloning,Biology,0.06040181484564944,-2.8775456145472806,4.120272054627955,0.8448860108809203,0.005110974765102549
axis1,GeoBench,Multimodal Understanding,0.019992494277593587,-1.5288623462535043,1.5922315103471183,0.393243911246437,0.0025846988332539587
axis1,ScienceQA,Domain Specific Questions,0.005681147201277492,-2.1787002675204836,2.19852481653675,1.0592013625244758,2.876835457812249e-05
axis1,GPQA Diamond Biology,Biology,-0.034357428601006844,-1.6967440014929973,2.29820487930499,0.2964505282915923,0.01343188138836439
axis1,OpenBookQA,Domain Specific Questions,-0.08771824660305638,-3.6546331784580293,3.3674631491173006,2.928519333442816,0.0008971884891975741
axis1,WinoGrande,General Reasoning,-0.09783917377417373,-1.3373434949400211,1.1800900139104256,0.9292549130850827,0.011085513653617025
axis1,MMLU-Pro,Domain Specific Questions,-0.11704451178072828,-1.7626420063804547,2.005756850547301,0.854615691519633,0.01875687065908282
axis1,Video-MME,Multimodal Understanding,-0.13806547523138243,-2.1239303265196887,1.7127861709791743,0.3603577741358698,0.14679200174701384
axis1,LAB-Bench Protocol,Biology,-0.15104310740694393,-1.5932311793464644,1.910187801355978,0.5939162826808173,0.06467722225338875
axis1,TriviaQA,Domain Specific Questions,-0.17532612233121392,-1.5850364806320765,1.2975984317766072,1.1148997748118379,0.024729856703262325
axis1,MMLU Pro Chemistry,Chemistry,-0.1788575732510806,-2.6322978318904977,3.5408697835537692,1.2654017954769312,0.019978265260908266
axis1,HellaSwag,General Reasoning,-0.19848909964513917,-1.732268421405443,1.330056717257211,1.3566295379285955,0.021406752409680836
axis1,PIQA,General Reasoning,-0.21515367007404124,-1.050364142779983,0.6110695204553384,0.65514502559019,0.10785061392311147
axis1,GPQA Main Biology,Biology,-0.22969338241909304,-1.9796673118502117,2.7918954660656623,0.6765006199093531,0.11528175210756116
axis1,BoolQ,General Reasoning,-0.25304104618204937,-1.530262470116048,1.4435157966489984,1.4235605335783983,0.031595851973174355
axis1,MMLU Pro Biology,Biology,-0.2770850474215828,-2.531016831057776,2.560999256142969,0.7434011406108098,0.1389247852764856
axis1,LAMBADA,General Reasoning,-0.3881088420152235,-1.4805008283783951,1.1785160243901465,0.8344126998153335,0.2163442032956976
axis1,FrontierMath,High End Math Reasoning,-0.4200712701985298,-1.7694223384312604,4.119512102069935,2.0239516096202372,0.04307702580314415
axis1,MMLU,Domain Specific Questions,-0.5071514727001099,-3.384992335763312,2.592724475314519,1.669155141257055,0.0923170616570312
axis1,FrontierMath Tier 4,High End Math Reasoning,-0.6595742242101642,-3.207010941505665,6.396370834180878,3.0862363519926856,0.045673993509325335
axis1,WMDP Biology,Biology,-0.9447465771086825,-2.562871804550546,2.2894710542634455,1.1796587511237264,0.6413836231462896
axis1,WMDP Chemistry,Chemistry,-1.02519769493458,-2.6956143632846485,2.800464604558242,1.3238749694285736,0.5996823959619467
axis1,BIG-Bench Hard (BBH),Domain Specific Questions,-1.2363507596606738,-3.618076987417698,2.662998218240181,3.884081176130484,0.10132271166063685
axis1,GSM8K,Domain Specific Questions,-1.9717669600264398,-5.857971989443459,4.920793675158839,6.462882036879253,0.09308050095737987
axis2,GSM8K,Domain Specific Questions,3.7862730626706673,-9.308612184705279,12.116389605744669,6.462882036879253,0.34321906607468666
axis2,ARC (AI2),Domain Specific Questions,3.346858673557036,-6.710997094060699,7.7688667812548955,4.438067046352337,0.5687049785694835
axis2,BIG-Bench Hard (BBH),Domain Specific Questions,2.6320838033351217,-5.54928026065503,7.721352040999734,3.884081176130484,0.45922215213128514
axis2,OpenBookQA,Domain Specific Questions,2.430149021618492,-5.089204114788274,6.367789067411637,2.928519333442816,0.6886041273837649
axis2,Adversarial NLI,General Reasoning,1.9410322875560548,-4.7687991811078865,6.102479740406428,2.3259449693103713,0.6964126456378845
axis2,FrontierMath Tier 4,High End Math Reasoning,1.629952135953038,-6.847925488209622,6.220179312335613,3.0862363519926856,0.2789275023718571
axis2,BoolQ,General Reasoning,1.3103502286760509,-2.3864493008372567,3.7121163489005986,1.4235605335783983,0.8472720873577959
axis2,MMLU,Domain Specific Questions,1.1245934814063774,-4.022327618274024,6.955010963017249,1.669155141257055,0.4539392279828521
axis2,FrontierMath,High End Math Reasoning,0.998127835854153,-4.361170050027722,3.7748946155771974,2.0239516096202372,0.24320476810945718
axis2,ARC-AGI-2,Core AGI Progress,0.9942858654089797,-8.686327496999656,7.098000123951432,5.034224413336998,0.03900833273016654
axis2,ScienceQA,Domain Specific Questions,0.8951317823556659,-3.7879090628808645,4.645222731364263,1.0592013625244758,0.7141951443833456
axis2,MMLU-Pro,Domain Specific Questions,0.8225546733400179,-2.6968618254053673,4.595303949920937,0.854615691519633,0.9263771263028642
axis2,SuperGLUE,General Reasoning,0.8173966236672874,-3.0063219962779857,3.921907353669639,0.8844832538872834,0.8540561994552902
axis2,WinoGrande,General Reasoning,0.8066185595085682,-1.33678388103197,2.7498932270852112,0.9292549130850827,0.7534712558416116
axis2,Fiction.LiveBench,Advanced Language and Writing,0.7557384975595685,-4.589649763696476,6.060778638097889,1.9542516018985077,0.14954852657949513
axis2,MMLU Pro Chemistry,Chemistry,0.7132950111534302,-4.164043078732292,5.080633015899069,1.2654017954769312,0.31774701574820235
axis2,EBR-bench,Agentic Computer Use,0.7011166177693984,-3.4738993295538023,4.459821017468154,1.507834044756767,0.216208832654591
axis2,WMDP Chemistry,Chemistry,0.5853744679941091,-3.551803535385455,4.961519892887524,1.3238749694285736,0.19551208633256145
axis2,ARC-AGI,Core AGI Progress,0.5687010259284635,-6.193230966078353,5.21487421187732,3.2824600689974077,0.03001712682721627
axis2,Mystery Game Puzzles,General Reasoning,0.5671211695721627,-1.806788735281757,3.000547973541303,0.6480687957503869,0.7657896568942248
axis2,EnigmaEval,General Reasoning,0.5449137683270333,-3.188361524696477,3.65521353122509,1.7696289490171437,0.0948180750554822
axis2,HellaSwag,General Reasoning,0.537882347331708,-1.8240390904660317,2.870550972866732,1.3566295379285955,0.15719982038631064
axis2,TriviaQA,Domain Specific Questions,0.5370704504778465,-1.8354344411145513,2.624560598508476,1.1148997748118379,0.2320549628853474
axis2,SWE-Bench Pro,Autonomous SWE,0.4897925975625127,-2.8320800438646567,3.5730121289627736,0.8369343085729967,0.3424851076234094
axis2,GPQA Main Biology,Biology,0.46560186707162776,-3.250703850692077,4.80396088998804,0.6765006199093531,0.4736887042945662
axis2,MultiNRC,Advanced Language and Writing,0.4650803865053381,-1.3930967314116487,2.153536448766197,1.1771610820309475,0.15609329862896607
axis2,MultiChallenge,Advanced Language and Writing,0.43500196453331635,-1.9157643875821013,2.676158193975307,0.839830287153356,0.2682868405837486
axis2,LAB-Bench Protocol,Biology,0.42959037575435444,-1.995055803537966,3.732318431068127,0.5939162826808173,0.5231890216784778
axis2,BioLP-bench,Biology,0.38020122101106835,-3.5295266587188285,5.379977797893998,0.5435316459641096,0.4893023983375886
axis2,BALROG,General Reasoning,0.3684302056289057,-1.8686172016531641,3.1713820338833716,0.7941551629327559,0.2152284755525188
axis2,PIQA,General Reasoning,0.35708687866880173,-0.8388699080709034,1.5222071716433294,0.65514502559019,0.2970796397238219
axis2,MMLU Pro Biology,Biology,0.35209770492642556,-3.2250243156597356,4.423013486247428,0.7434011406108098,0.22432617035897615
axis2,GeoBench,Multimodal Understanding,0.3474456913031465,-2.0587351033283667,3.3017400507172243,0.393243911246437,0.7806382850490882
axis2,The Agent Company,Agentic Computer Use,0.31720984930394824,-4.394641232309884,5.984501167110488,1.9030060304426846,0.027785166153020697
axis2,Visual Task Assessment (VISTA),Multimodal Understanding,0.26431923547514813,-1.1274631981325811,1.3694177293165861,0.5282358499367072,0.25038124490449837
axis2,MindCube,Multimodal Understanding,0.25303821354542255,-4.6071092674192595,6.662125692857044,0.5935674731908508,0.18173226416402657
axis2,LAMBADA,General Reasoning,0.2500155062313314,-1.674312590149625,2.1433890745913087,0.8344126998153335,0.08977844498995241
axis2,Video-MME,Multimodal Understanding,0.24090893354310816,-2.3580411111363127,3.8281628560019656,0.3603577741358698,0.4469284679904413
axis2,Aider Polyglot,Autonomous SWE,0.23877046896842957,-3.215687995965266,3.9885196417007007,2.24581840398461,0.011303474318220779
axis2,CL-Bench Life,Domain Specific Questions,0.2265955665104672,-1.5798698468582029,2.216933234079387,0.3344882009391101,0.45892446617559585
axis2,SimpleQA Verified,Domain Specific Questions,0.22298695450615513,-3.3931328463976187,4.128665031265115,1.909382813230479,0.013638697405994204
axis2,WMDP Biology,Biology,0.21406176753096917,-3.0277930630627874,4.575908822175953,1.1796587511237264,0.03292800557738948
axis2,SEAL Tool Use (Enterprise),Agentic Computer Use,0.2104417714793484,-2.0305381840315144,2.7856375185899647,0.49168860416435445,0.18318234419118662
axis2,CAD-Eval,Multimodal Understanding,0.15765041948864145,-3.6070720193300145,5.055783526075179,1.930704792377421,0.006667430727592908
axis2,LAB-Bench Cloning,Biology,0.15361283143695115,-4.6128544467902195,6.781318458381177,0.8448860108809203,0.03305664316733606
axis2,GPQA Diamond Biology,Biology,0.1535873626796862,-2.6396275762327828,3.8018749880549993,0.2964505282915923,0.26841483103367
axis2,Lech Mazur Writing,Advanced Language and Writing,0.14259428767022975,-1.1052794260989807,1.4987800027783529,0.433161950038287,0.10836864812492455
axis2,ForecastBench,General Reasoning,0.13586713730827898,-0.8639652311031922,1.2609221523436729,0.165555858996513,0.6735033187064142
axis2,TutorBench,Advanced Language and Writing,0.12110729718470528,-0.8962820264798456,1.102163278886251,0.38957621940891757,0.09663973853622403
axis2,CL-Bench,Domain Specific Questions,0.11279666936771554,-1.0735493717612705,1.4165539852896682,0.33933350881519886,0.11049409176249154
axis2,MMLU Biology,Biology,0.10072142876529389,-0.9877626231081016,1.5039006746324548,0.26571537739496154,0.14368465135541555
axis2,SpatialViz-Bench,Multimodal Understanding,0.09239803394730123,-2.9047600145634704,3.8575181580468603,0.6414071493014751,0.020751900096001256
axis2,AudioMultiChallenge,Multimodal Understanding,0.09216021389629003,-3.0801868233110103,4.394411364561342,0.8658517017547153,0.011329217600507918
axis2,LiveBench,Core AGI Progress,0.06527526671356032,-2.1023913126090963,2.9912108013346015,0.825969432418467,0.00624553087502682
axis2,METR Time Horizons,Autonomous SWE,0.053396230051378835,-1.5668266957405956,1.72032010642328,0.9037710027012327,0.0034906345666445085
axis2,LAB-Bench LitQA2,Biology,0.04673566524761574,-1.1523684669414962,1.246454084413804,0.43624552651834586,0.0114771718595585
axis2,GPQA Main Chemistry,Chemistry,0.03018977174424209,-4.880821383282028,5.190078827404337,1.0011766928251842,0.0009092811697163098
axis2,CSQA2,General Reasoning,0.022895226807257307,-4.3572893959268715,6.569741334578185,2.045920381097361,0.00012523117136418324
axis2,SEAL Instruction Following,Advanced Language and Writing,0.02244601161059459,-1.5540714661061652,2.1159004313568874,0.270743519059308,0.0068732513733127795
axis2,VisualToolBench,Multimodal Understanding,0.016895594808587155,-3.437235621271737,3.7045912665895266,1.6319058973006382,0.00010719061130063736
axis2,ExploitBench,Agentic Computer Use,0.011766095470062132,-3.772124808078083,4.911388034288973,1.2788838816935548,8.464523367259489e-05
axis2,DeepResearchBench,Agentic Computer Use,-0.007805336121496809,-1.1264435962526191,2.024742809168618,0.518679927009893,0.00022645626367423326
axis2,LAB-Bench SeqQA,Biology,-0.014584105327686392,-2.0336897830049168,2.846108803983636,0.5113301571017093,0.0008134985252370255
axis2,GPQA Diamond Chemistry,Chemistry,-0.036731849784041426,-4.305348477021996,5.207976588237647,0.9042163410963467,0.0016502163906762014
axis2,APEX Agents,Core AGI Progress,-0.08177839077755567,-2.3118527239513,2.3060821710929806,1.0788835671932393,0.005745501787456346
axis2,Humanity's Last Exam,Domain Specific Questions,-0.08292404206831305,-3.3970824154139847,3.9865395577499885,1.6834141172714197,0.0024264927429989295
axis2,PRBench Finance,Domain Specific Questions,-0.08296230155469655,-0.9603793430662908,1.4755060995158957,0.6481235948553593,0.016384980139108208
axis2,SciCode,Autonomous SWE,-0.09201368677746863,-0.9798023424597848,0.9493537954970463,0.5052822118561078,0.03316170454196431
axis2,Surface Evolver Bench,Autonomous SWE,-0.09477888939096535,-4.017535897476632,4.4341011981533764,1.2716349667514149,0.005555182204416327
axis2,PRBench Legal,Domain Specific Questions,-0.1016436364261594,-0.8775008569158859,1.445613395019125,0.6872387013082227,0.021874854410132014
axis2,SimpleBench,General Reasoning,-0.10636468897975848,-2.653289719241657,4.024798921049773,2.1543126508598784,0.00243768444157671
axis2,WeirdML,Autonomous SWE,-0.11538842183325415,-1.3413522568554843,1.6357288000630168,0.9712052376438377,0.014115700507926987
axis2,BlueprintBench 2,Multimodal Understanding,-0.1481935641770673,-4.297519010827409,5.198841054196355,1.3041594112079067,0.012912113268874733
axis2,GSO-Bench,Autonomous SWE,-0.17155919619067928,-4.70896218469222,5.054683640932741,1.8164005360281252,0.00892081971802637
axis2,SWE-Bench Verified,Autonomous SWE,-0.17182823291634622,-1.9202774474734527,2.2152332575631433,0.6719558450667518,0.06538943360542714
axis2,FrontierCode,Autonomous SWE,-0.22618112389154987,-2.6092393035334926,3.372407858169502,1.342906643910468,0.028367500458665162
axis2,TerminalBench,Agentic Computer Use,-0.23505537174834412,-3.0379432270304227,3.216129113687063,1.6215728746460383,0.02101200131627934
axis2,MMLU Chemistry,Chemistry,-0.2617806459429495,-1.8032424407324015,2.2056349516715392,0.6671224657696554,0.15397986619657902
axis2,SWE-Bench Pro (Private),Autonomous SWE,-0.2699614684923165,-3.8865966348749112,3.8918549582802093,1.6101623030875263,0.028110220624441004
axis2,MCP Atlas,Agentic Computer Use,-0.3070118560463559,-2.5460652021322554,2.7091008724619203,1.133654813412463,0.07334130303581149
axis2,OS World 2,Agentic Computer Use,-0.3181177700758955,-3.7213949693998387,4.9082890317100585,1.0946382272309643,0.08445680300239577
axis2,GDP.pdf,Core AGI Progress,-0.35087488563020786,-2.176394432439075,2.700552321618346,0.9868304647171484,0.12642107287693025
axis2,PostTrainBench,Autonomous SWE,-0.38580212022379334,-2.5823802071244684,3.165075719766824,0.9029388536165124,0.18256290496606933
axis2,GDPval,Core AGI Progress,-0.39269954361543224,-2.5526827413485296,3.164826993110438,1.1019805936226381,0.1269909874495933
axis2,CursorBench,Autonomous SWE,-0.4064518596743115,-2.5776815020975072,2.468918047134795,1.2263914032789434,0.1098398762187354
axis2,OS World (Screenshot),Agentic Computer Use,-0.4509569622148323,-5.0309826256076855,5.794924492964783,1.6584345875601545,0.07393898752264365
axis2,Cybench,Agentic Computer Use,-0.521505734158349,-5.713758161326014,5.754430890810236,2.4888559194908946,0.043905473402875136
axis2,Remote Labor Index,Core AGI Progress,-0.6142020746704044,-3.8775711009004254,4.850080094580633,1.2659978234813793,0.23537299854500512
axis2,FrontierMath Tier 4 v1,High End Math Reasoning,-0.7621256604110633,-3.796434910040979,4.099478694855412,2.129021861762688,0.12814242154910538
axis2,GPQA Diamond,Domain Specific Questions,-0.7668610818704495,-3.7278158509171186,4.744992704783077,1.2630243780970223,0.3686463426560812
axis2,VPCT,Multimodal Understanding,-0.8370625170980721,-9.382136715295262,13.424481120402119,6.6363158315301645,0.015909689250559394
axis2,Chess Puzzles,General Reasoning,-0.9462414193496271,-4.768651588803649,6.199400221237143,1.5900513655765136,0.35414539604930967
axis2,ProofBench,High End Math Reasoning,-0.9738440565587803,-4.625981705775534,5.883118405646366,2.668562601185039,0.13317541095105762
axis2,CritPt,Domain Specific Questions,-1.0482762447389513,-3.6427349587918796,4.004056649117327,2.3154425731334864,0.20496677130306754
axis2,DeepSWE,Autonomous SWE,-1.1712854396897845,-4.787886249718326,4.625927082117822,2.709497673802424,0.18687358799568865
axis2,MATH Level 5,High End Math Reasoning,-1.4778504247831472,-6.67027261818005,8.875500074020453,2.5246044749134366,0.34266856523006745
axis2,OTIS Mock AIME 2024-2025,High End Math Reasoning,-1.724017149919334,-8.000657444809384,10.741970960518108,3.058337086278983,0.31776968331840805
axis2,GBAEval,Agentic Computer Use,-2.4631123726522395,-10.200834780383866,13.501375217477573,7.49855380613588,0.10789800811032133
axis3,GBAEval,Agentic Computer Use,5.628943296217623,-17.6070332376249,21.83610232410956,7.49855380613588,0.5635062318630557
axis3,ProofBench,High End Math Reasoning,2.0440987751503874,-8.515468437807872,8.813838752428612,2.668562601185039,0.5867444164010666
axis3,ExploitBench,Agentic Computer Use,1.1169733677164038,-6.7102884690394395,7.484713320977577,1.2788838816935548,0.7628223497905746
axis3,FrontierCode,Autonomous SWE,1.0864485565257653,-4.558588874844171,5.325121826140809,1.342906643910468,0.6545256785013377
axis3,CritPt,Domain Specific Questions,1.048223485667468,-6.789416228274805,6.124059961630598,2.3154425731334864,0.2049461401298135
axis3,DeepSWE,Autonomous SWE,1.0285755105632337,-8.395836388707623,7.6885927355146375,2.709497673802424,0.1441102245633656
axis3,HellaSwag,General Reasoning,1.0279555144751198,-2.8085908063692524,4.554313605212431,1.3566295379285955,0.574150971265138
axis3,BlueprintBench 2,Multimodal Understanding,0.8973912965343187,-7.3222286749086205,8.57223978545582,1.3041594112079067,0.4734807718051285
axis3,FrontierMath Tier 4 v1,High End Math Reasoning,0.8706147811615081,-6.771666350105249,6.360399277441618,2.129021861762688,0.16722139055242385
axis3,GDPval,Core AGI Progress,0.856805501471563,-4.504921205078667,4.82640740338839,1.1019805936226381,0.6045282490821842
axis3,TriviaQA,Domain Specific Questions,0.8495557242333189,-2.71234931303078,4.428344182747795,1.1148997748118379,0.5806468648708165
axis3,LAB-Bench Cloning,Biology,0.8122503576792508,-8.96373517639335,9.20726539247548,0.8448860108809203,0.9242374960840187
axis3,GDP.pdf,Core AGI Progress,0.7682812164064475,-3.8065649192819646,4.134047206020217,0.9868304647171484,0.60611542171236
axis3,OS World 2,Agentic Computer Use,0.755612924611728,-6.778385467224754,7.408510157717319,1.0946382272309643,0.47649410759162286
axis3,GPQA Main Chemistry,Chemistry,0.735426239889335,-8.063680541620927,8.333739002844178,1.0011766928251842,0.5395811646403712
axis3,GPQA Diamond Chemistry,Chemistry,0.6814478676664821,-7.677050077382832,7.770744719012929,0.9042163410963467,0.5679636886412806
axis3,LAMBADA,General Reasoning,0.6669302500366103,-2.446664455614145,3.406606613734551,0.8344126998153335,0.6388501800203064
axis3,WMDP Biology,Biology,0.5695846571237875,-5.887479981698834,6.271879051398603,1.1796587511237264,0.2331330131687631
axis3,MMLU Pro Biology,Biology,0.5401924303011575,-5.664073702477858,6.317605636100638,0.7434011406108098,0.5280202058367558
axis3,WMDP Chemistry,Chemistry,0.5228964070078119,-6.606746153223994,6.879524977757587,1.3238749694285736,0.1560045888653869
axis3,PIQA,General Reasoning,0.4417674896913373,-1.3163268567152593,2.168958740186068,0.65514502559019,0.4546870749550381
axis3,Remote Labor Index,Core AGI Progress,0.4258381914237359,-6.901249262405847,7.705680223914343,1.2659978234813793,0.11314185614845022
axis3,SWE-Bench Pro,Autonomous SWE,0.41934423324438486,-5.205766267510672,5.234617884968728,0.8369343085729967,0.2510490645419727
axis3,WinoGrande,General Reasoning,0.4043740428784459,-2.6978214763203505,3.7399482676489813,0.9292549130850827,0.18936373380336616
axis3,BioLP-bench,Biology,0.37197222134232844,-7.573442917970515,7.150792536441993,0.5435316459641096,0.46835088633108723
axis3,LAB-Bench Protocol,Biology,0.37178679914886237,-4.598076634424825,4.708213856531524,0.5939162826808173,0.391865894517524
axis3,MindCube,Multimodal Understanding,0.34460744469149873,-8.328767717728487,9.66499319522448,0.5935674731908508,0.33706147947903353
axis3,CursorBench,Autonomous SWE,0.2798424677051716,-4.295586949725017,4.279309913033477,1.2263914032789434,0.05206777849064773
axis3,GPQA Diamond Biology,Biology,0.2508374645392492,-5.159637121095761,5.2390952321843205,0.2964505282915923,0.7159461323952828
axis3,Surface Evolver Bench,Autonomous SWE,0.24332091625961838,-6.807083397794553,7.123204986141574,1.2716349667514149,0.03661288601685717
axis3,MMLU Pro Chemistry,Chemistry,0.22972715555686873,-6.822857674720078,7.446759332531031,1.2654017954769312,0.03295852579191483
axis3,WeirdML,Autonomous SWE,0.2248033782342138,-2.5562074688516767,2.5277340174308183,0.9712052376438377,0.0535776467987793
axis3,SEAL Tool Use (Enterprise),Agentic Computer Use,0.19822508884419499,-3.8207512427510766,4.013932391139465,0.49168860416435445,0.162531280429657
axis3,GeoBench,Multimodal Understanding,0.15536528210362932,-4.140922045544774,4.403899390801435,0.393243911246437,0.1560931848731664
axis3,GPQA Diamond,Domain Specific Questions,0.09098475272493323,-6.860905815045121,6.964676901076467,1.2630243780970223,0.0051893596662015975
axis3,TerminalBench,Agentic Computer Use,0.0751704735132579,-5.191498944823507,5.369234640253939,1.6215728746460383,0.0021489268389230163
axis3,SWE-Bench Verified,Autonomous SWE,0.0678976770523102,-3.289836941430222,3.51694287197493,0.6719558450667518,0.010210061555409084
axis3,GPQA Main Biology,Biology,0.06493288913856121,-6.670771569566565,6.125311874141948,0.6765006199093531,0.00921282997020664
axis3,PostTrainBench,Autonomous SWE,0.061881949714447715,-4.737212587069407,4.8658001701761115,0.9029388536165124,0.004696899792957403
axis3,SciCode,Autonomous SWE,0.06113222924169592,-1.645706610007158,1.582240847167705,0.5052822118561078,0.01463768669050033
axis3,CSQA2,General Reasoning,0.044403522599257395,-8.26880701692268,8.814830948705684,2.045920381097361,0.0004710395701379504
axis3,PRBench Legal,Domain Specific Questions,0.02772753516458676,-1.9396546239324655,1.7055973600625458,0.6872387013082227,0.001627823495122184
axis3,SEAL Instruction Following,Advanced Language and Writing,0.027666239627181954,-2.8771984860488753,3.019469984152044,0.270743519059308,0.010442010593246221
axis3,ForecastBench,General Reasoning,0.004364606273019711,-1.711472569562588,1.7343502509292699,0.165555858996513,0.0006950259740874072
axis3,APEX Agents,Core AGI Progress,0.0034661746992994402,-3.7795359558204207,3.9194712777278413,1.0788835671932393,1.0321712051129085e-05
axis3,PRBench Finance,Domain Specific Questions,-0.0006951840905383699,-1.9827738512657689,1.8007227084857775,0.6481235948553593,1.1504930113088593e-06
axis3,SpatialViz-Bench,Multimodal Understanding,-0.01435766499834712,-5.169162626701866,5.805962682275546,0.6414071493014751,0.0005010718893071623
axis3,Video-MME,Multimodal Understanding,-0.0278829039109717,-4.814540803483215,5.093055553613483,0.3603577741358698,0.005986985589286099
axis3,MMLU Biology,Biology,-0.031003092086428485,-2.036256254419,1.955379903436768,0.26571537739496154,0.013613714656096332
axis3,MMLU Chemistry,Chemistry,-0.03326686827301778,-3.449348604442724,3.32771574722586,0.6671224657696554,0.0024866387950015453
axis3,CL-Bench Life,Domain Specific Questions,-0.038620474800020066,-3.001325546988894,3.000204371444935,0.3344882009391101,0.013331334086437064
axis3,Lech Mazur Writing,Advanced Language and Writing,-0.040029411980221585,-2.0350707892580373,1.9947932545876403,0.433161950038287,0.008539999015695238
axis3,LAB-Bench SeqQA,Biology,-0.0439998574214584,-4.11136521142705,4.030071696574885,0.5113301571017093,0.007404567968596762
axis3,CL-Bench,Domain Specific Questions,-0.04944994366363131,-2.046115910938704,2.027635170372236,0.33933350881519886,0.021236263555679005
axis3,LAB-Bench LitQA2,Biology,-0.05846950087741987,-1.9387560405517084,2.047975826248731,0.43624552651834586,0.017963741628414756
axis3,DeepResearchBench,Agentic Computer Use,-0.05914455934944446,-2.6603487023912344,2.1114658755557967,0.518679927009893,0.013002615458221236
axis3,Chess Puzzles,General Reasoning,-0.08063647827665588,-8.565363854759784,9.233107407668498,1.5900513655765136,0.0025718213418230453
axis3,METR Time Horizons,Autonomous SWE,-0.09140384530345735,-2.659814440424203,2.4948377818838567,0.9037710027012327,0.010228504187350057
axis3,Mystery Game Puzzles,General Reasoning,-0.12887615555755594,-3.866188590099312,3.6486122944688977,0.6480687957503869,0.03954603287374602
axis3,MCP Atlas,Agentic Computer Use,-0.1371614945042463,-4.550163097666358,4.295525721321483,1.133654813412463,0.014638707878468474
axis3,MMLU-Pro,Domain Specific Questions,-0.15655372688419522,-5.884350130924471,5.936909110635409,0.854615691519633,0.033557152101468486
axis3,TutorBench,Advanced Language and Writing,-0.16284590894217424,-1.604958731008179,1.6298425777238106,0.38957621940891757,0.174730543467978
axis3,SuperGLUE,General Reasoning,-0.17675200036650374,-5.042168506884052,6.120843652426973,0.8844832538872834,0.03993460983272607
axis3,FrontierMath,High End Math Reasoning,-0.2037496570378896,-6.425011666601126,6.85948434716843,2.0239516096202372,0.010134294559185441
axis3,GSO-Bench,Autonomous SWE,-0.21995725363234309,-7.701334137727463,8.559729328430626,1.8164005360281252,0.014664029788366097
axis3,BALROG,General Reasoning,-0.22997327271552948,-4.143907536436439,3.6515545936237794,0.7941551629327559,0.08385790415344033
axis3,SimpleBench,General Reasoning,-0.23352931323786597,-5.7640380107971065,4.608552874407749,2.1543126508598784,0.011750743346708675
axis3,EBR-bench,Agentic Computer Use,-0.24500958721499355,-6.213651341198449,6.2674396034095645,1.507834044756767,0.026403352118782815
axis3,FrontierMath Tier 4,High End Math Reasoning,-0.25799418338639857,-9.941698648713217,10.948465827885027,3.0862363519926856,0.0069881378684038655
axis3,CAD-Eval,Multimodal Understanding,-0.26537232530420907,-7.299411708540062,6.071732145537257,1.930704792377421,0.018892068460281505
axis3,LiveBench,Core AGI Progress,-0.28396120323826235,-4.1910121173796195,4.328756249547014,0.825969432418467,0.11819253979176325
axis3,Visual Task Assessment (VISTA),Multimodal Understanding,-0.2918590435756162,-2.012740699322234,2.145819226905875,0.5282358499367072,0.30527452585360915
axis3,AudioMultiChallenge,Multimodal Understanding,-0.3019852915551302,-5.802789874143212,6.276618886627812,0.8658517017547153,0.12164228004252185
axis3,ARC-AGI,Core AGI Progress,-0.32793190763496405,-9.7444350467332,9.70340906689604,3.2824600689974077,0.009980871116353702
axis3,MATH Level 5,High End Math Reasoning,-0.3544337467641283,-13.198622015335996,12.662298983614573,2.5246044749134366,0.019709855309886636
axis3,VisualToolBench,Multimodal Understanding,-0.3595351934038813,-5.858028711718521,5.880709121473524,1.6319058973006382,0.048539197566529434
axis3,The Agent Company,Agentic Computer Use,-0.3867793136212092,-8.552301254135495,7.880507293986405,1.9030060304426846,0.041309139432195
axis3,BoolQ,General Reasoning,-0.38848422068867716,-4.294986305324428,5.532838038256904,1.4235605335783983,0.07447232087047867
axis3,Aider Polyglot,Autonomous SWE,-0.398587854092467,-6.00374278306679,5.241704339907411,2.24581840398461,0.0314991509932197
axis3,SWE-Bench Pro (Private),Autonomous SWE,-0.4119891787670079,-6.135556102760723,6.945836932182992,1.6101623030875263,0.06546848764368395
axis3,MultiNRC,Advanced Language and Writing,-0.4190398899670702,-2.97550100081785,3.05182914818452,1.1771610820309475,0.1267181847737937
axis3,ScienceQA,Domain Specific Questions,-0.4414098677985314,-6.107184176253733,7.48898810092584,1.0592013625244758,0.17367088357067953
axis3,MultiChallenge,Advanced Language and Writing,-0.4423786656628024,-3.6651390003214237,3.577420877539627,0.839830287153356,0.27746313131969935
axis3,MMLU,Domain Specific Questions,-0.5808287596345294,-8.498839005189089,9.439586391738558,1.669155141257055,0.12108847662716705
axis3,OS World (Screenshot),Agentic Computer Use,-0.5900430422601131,-8.525981690573035,9.91192374761473,1.6584345875601545,0.12658163293144534
axis3,OTIS Mock AIME 2024-2025,High End Math Reasoning,-0.5913608824885686,-16.059351298474496,15.213080470280028,3.058337086278983,0.03738819372802411
axis3,Cybench,Agentic Computer Use,-0.6283118042068478,-9.14184424048596,10.055921298916891,2.4888559194908946,0.06373102833099145
axis3,Humanity's Last Exam,Domain Specific Questions,-0.6493510739759172,-6.273032795672153,6.076429167064242,1.6834141172714197,0.14879118292760854
axis3,ARC-AGI-2,Core AGI Progress,-0.7364950916455184,-13.257181394454989,13.464186047243277,5.034224413336998,0.021402996025534533
axis3,EnigmaEval,General Reasoning,-0.8257615051458889,-5.562256755449654,5.869408842937838,1.7696289490171437,0.21774331887731388
axis3,SimpleQA Verified,Domain Specific Questions,-0.8437684315234258,-6.284100399725036,5.834799400224648,1.909382813230479,0.19528124150755105
axis3,Adversarial NLI,General Reasoning,-1.1053626132563181,-7.690003879603728,9.496744574392112,2.3259449693103713,0.22584509978263784
axis3,VPCT,Multimodal Understanding,-1.137383061393742,-19.31867380963856,16.643858962275623,6.6363158315301645,0.029373751694240554
axis3,Fiction.LiveBench,Advanced Language and Writing,-1.2747578489104479,-8.452416849653368,9.2437150340238,1.9542516018985077,0.4254949755692196
axis3,OpenBookQA,Domain Specific Questions,-1.2764797068035896,-8.065668332709393,9.946484952471522,2.928519333442816,0.18999039198247053
axis3,ARC (AI2),Domain Specific Questions,-2.210758117767342,-10.407050716607296,12.531737847571652,4.438067046352337,0.2481388350704112
axis3,BIG-Bench Hard (BBH),Domain Specific Questions,-2.4343720272039047,-9.651740077612352,11.83120334710592,3.884081176130484,0.3928233564296746
axis3,GSM8K,Domain Specific Questions,-4.6868458748110635,-15.811380150198595,18.908278790615498,6.462882036879253,0.5259069208895969
axis4,GBAEval,Agentic Computer Use,4.2918095785427095,-15.859965202297479,14.625973547358255,7.49855380613588,0.3275864013330717
axis4,VPCT,Multimodal Understanding,2.9704960301392465,-16.508086671723728,14.454007781384968,6.6363158315301645,0.20035669519911087
axis4,CSQA2,General Reasoning,1.4433945309277625,-7.273750159836845,7.333761391664715,2.045920381097361,0.49772866519457665
axis4,Chess Puzzles,General Reasoning,1.2372801832018288,-7.829249332146945,6.651431512776372,1.5900513655765136,0.605499523879687
axis4,ProofBench,High End Math Reasoning,1.1632589843189396,-7.56051680233086,6.448817042629535,2.668562601185039,0.1900194428413791
axis4,OTIS Mock AIME 2024-2025,High End Math Reasoning,1.1244341738671602,-14.365796262221538,9.867383569482767,3.058337086278983,0.13517530874893374
axis4,MATH Level 5,High End Math Reasoning,1.0745812783062774,-11.838844376004733,8.272712846257802,2.5246044749134366,0.18117231945735307
axis4,MMLU,Domain Specific Questions,0.9627064572769144,-7.448629541527565,6.641018511129764,1.669155141257055,0.33265523373294964
axis4,SimpleBench,General Reasoning,0.8175113148028421,-4.894857411149269,4.09650691136046,2.1543126508598784,0.1440025162701669
axis4,CritPt,Domain Specific Questions,0.7139558683063689,-5.833264928602981,4.2000148439389955,2.3154425731334864,0.09507683294396371
axis4,FrontierCode,Autonomous SWE,0.709799702886716,-4.026648903921405,3.790743909250522,1.342906643910468,0.2793701374769923
axis4,HellaSwag,General Reasoning,0.6745634300727699,-2.5194304865960495,3.6443130368952956,1.3566295379285955,0.24724245593887056
axis4,CAD-Eval,Multimodal Understanding,0.6118655944626594,-6.291075340664685,5.406959039377622,1.930704792377421,0.10043389769460602
axis4,GPQA Diamond,Domain Specific Questions,0.6009950930684409,-6.2296726570044845,4.8776642739282146,1.2630243780970223,0.22642187687228177
axis4,ExploitBench,Agentic Computer Use,0.5929582116568188,-5.84561339682123,5.597958697754273,1.2788838816935548,0.2149740052587143
axis4,OS World 2,Agentic Computer Use,0.543512566040512,-6.080272046889593,5.274931332792169,1.0946382272309643,0.2465346445892883
axis4,DeepSWE,Autonomous SWE,0.5292133259461367,-6.663545259873899,5.691495871825023,2.709497673802424,0.03814907200351792
axis4,BlueprintBench 2,Multimodal Understanding,0.5290053761271314,-6.102707105548001,6.132476969989838,1.3041594112079067,0.1645351956221861
axis4,FrontierMath Tier 4 v1,High End Math Reasoning,0.5022204345216688,-5.773421303253101,4.6286502366341535,2.129021861762688,0.055645303686901716
axis4,TriviaQA,Domain Specific Questions,0.44952492850754266,-2.342041168787304,3.5092506554789185,1.1148997748118379,0.16256831554057394
axis4,Remote Labor Index,Core AGI Progress,0.4408495638477312,-6.067564124967809,5.397005981047227,1.2659978234813793,0.12125925979830354
axis4,GDPval,Core AGI Progress,0.4391375261563386,-4.008897745024444,3.5603492854754424,1.1019805936226381,0.1588009912683321
axis4,GDP.pdf,Core AGI Progress,0.42623439892676085,-3.3680023248270787,3.038481812337794,0.9868304647171484,0.18655714888885555
axis4,The Agent Company,Agentic Computer Use,0.4145699394424809,-7.365262501392586,6.754287567592875,1.9030060304426846,0.047458639834199505
axis4,PRBench Legal,Domain Specific Questions,0.40034781458217844,-1.7390205774761407,1.3426714854489121,0.6872387013082227,0.3393592624679441
axis4,MindCube,Multimodal Understanding,0.3963238480098965,-7.47440562253975,7.136993550773917,0.5935674731908508,0.4458206941111169
axis4,AudioMultiChallenge,Multimodal Understanding,0.3905374552904325,-5.125768473585173,4.704656000767033,0.8658517017547153,0.20344094031793486
axis4,PRBench Finance,Domain Specific Questions,0.3620865587001344,-1.771102137734351,1.5048920106987458,0.6481235948553593,0.3121110482611469
axis4,WMDP Biology,Biology,0.3588865450179386,-5.4704443329467916,4.6155270625073115,1.1796587511237264,0.09255535810755776
axis4,DeepResearchBench,Agentic Computer Use,0.2667103439298677,-2.3963777334473533,1.8547547525005432,0.518679927009893,0.26441180248144175
axis4,PIQA,General Reasoning,0.24546761282016005,-1.3989572093959297,1.805482306967213,0.65514502559019,0.14038267139802854
axis4,Video-MME,Multimodal Understanding,0.22799359494929872,-4.4376386948135735,3.521304749616272,0.3603577741358698,0.4002925446732588
axis4,Cybench,Agentic Computer Use,0.2085781761225447,-7.585063041223052,8.231822087054585,2.4888559194908946,0.0070232514772434725
axis4,WinoGrande,General Reasoning,0.19947511742173463,-2.4008540850797364,2.9555708523422064,0.9292549130850827,0.04607949670140525
axis4,LAMBADA,General Reasoning,0.19573545563518024,-2.2956012829718344,2.810272085037632,0.8344126998153335,0.05502717169404368
axis4,EBR-bench,Agentic Computer Use,0.18762729748004103,-5.081355517067357,5.5413095591500205,1.507834044756767,0.01548406396328529
axis4,SpatialViz-Bench,Multimodal Understanding,0.17813228205655696,-4.415380853444767,4.446321064085593,0.6414071493014751,0.07712899466770401
axis4,LAB-Bench Cloning,Biology,0.16381833417990332,-8.140753287429536,6.603676812559583,0.8448860108809203,0.037594885983542645
axis4,SimpleQA Verified,Domain Specific Questions,0.15154069365446343,-5.268684613666899,5.263807983260888,1.909382813230479,0.006299013273840037
axis4,LAB-Bench SeqQA,Biology,0.1501619124612229,-3.4811967818406373,2.8375743400570075,0.5113301571017093,0.08624159246904364
axis4,SEAL Tool Use (Enterprise),Agentic Computer Use,0.13490685849031392,-3.247533125359392,3.1996456438714076,0.49168860416435445,0.07528141487322601
axis4,WeirdML,Autonomous SWE,0.13425307911934903,-2.1142024900879437,1.8256377374290333,0.9712052376438377,0.019108494800937226
axis4,MMLU-Pro,Domain Specific Questions,0.12475296557099025,-4.9367524599074715,4.408488691067672,0.854615691519633,0.021308850936584484
axis4,CursorBench,Autonomous SWE,0.1183670229872682,-3.424500799562563,3.2004784448176147,1.2263914032789434,0.009315437465774505
axis4,LiveBench,Core AGI Progress,0.11811447487568127,-3.53706937677212,3.1102521779731767,0.825969432418467,0.02044929295062442
axis4,BALROG,General Reasoning,0.11634579084183261,-3.532267141846423,3.1516288664920693,0.7941551629327559,0.021463009839788043
axis4,GeoBench,Multimodal Understanding,0.09687205281552724,-3.6127579000336807,3.3460961616233393,0.393243911246437,0.06068383124449157
axis4,BioLP-bench,Biology,0.09066819826605177,-6.499523036931613,5.423693835143988,0.5435316459641096,0.027826609996883724
axis4,SWE-Bench Pro,Autonomous SWE,0.08967629324675452,-4.097210872341827,4.3106388987687945,0.8369343085729967,0.011480810650187828
axis4,MMLU Chemistry,Chemistry,0.08613892731842177,-3.009358394155504,2.2339807136496073,0.6671224657696554,0.016672003253419592
axis4,LAB-Bench Protocol,Biology,0.08455303410363735,-4.114673644361297,3.373706910300465,0.5939162826808173,0.020267861550609417
axis4,PostTrainBench,Autonomous SWE,0.07660342241855966,-4.155538567354006,3.286493936200183,0.9029388536165124,0.007197466692451889
axis4,Lech Mazur Writing,Advanced Language and Writing,0.06407501109557101,-1.7494872516209719,1.7358640904771496,0.433161950038287,0.021881484367253196
axis4,Surface Evolver Bench,Autonomous SWE,0.05119889461000682,-5.65389945222035,5.46975545358883,1.2716349667514149,0.0016210493873966526
axis4,METR Time Horizons,Autonomous SWE,0.041939070550675916,-2.195044195397768,2.2782967586280054,0.9037710027012327,0.0021533806040181596
axis4,SEAL Instruction Following,Advanced Language and Writing,0.03409918525450534,-2.5736316076918735,2.3111018135455876,0.270743519059308,0.015862508424350302
axis4,SWE-Bench Verified,Autonomous SWE,0.029760095729923663,-2.8657242047346823,2.582962167230762,0.6719558450667518,0.001961494865701598
axis4,ForecastBench,General Reasoning,0.027512965904519016,-1.4789950136484504,1.3453548985298882,0.165555858996513,0.027617585677172752
axis4,MCP Atlas,Agentic Computer Use,0.026914293081909513,-3.7343404574647,3.206044771803508,1.133654813412463,0.0005636432130882017
axis4,GPQA Diamond Biology,Biology,0.013927355560562016,-4.585858657716428,3.882137682733248,0.2964505282915923,0.002207155182682932
axis4,SciCode,Autonomous SWE,0.013305802848842863,-1.274380998646948,1.2479207083619959,0.5052822118561078,0.0006934483986679548
axis4,TerminalBench,Agentic Computer Use,0.007978754605621141,-4.186058248337398,4.089429745569211,1.6215728746460383,2.4210138523131076e-05
axis4,Aider Polyglot,Autonomous SWE,0.0076477656649123205,-5.038649052409691,4.815867481826953,2.24581840398461,1.1596311466560368e-05
axis4,CL-Bench,Domain Specific Questions,-0.0004791495779699062,-1.7231968896410739,1.5692916852711272,0.33933350881519886,1.993832744915646e-06
axis4,TutorBench,Advanced Language and Writing,-0.013188778478607555,-1.2946761954456942,1.3834171366170793,0.38957621940891757,0.0011461046384730232
axis4,CL-Bench Life,Domain Specific Questions,-0.028482485349430098,-2.5943826039781026,2.400008160970856,0.3344882009391101,0.007250937471907726
axis4,MultiChallenge,Advanced Language and Writing,-0.03006684477380106,-3.0054691036750727,3.099973508444582,0.839830287153356,0.0012817184781873368
axis4,APEX Agents,Core AGI Progress,-0.03154347507766175,-2.994069063652938,3.1447053991113263,1.0788835671932393,0.0008548106361262183
axis4,LAB-Bench LitQA2,Biology,-0.038802926500760115,-1.518222734300483,1.5533556518648652,0.43624552651834586,0.007911648593605684
axis4,MMLU Biology,Biology,-0.04234002322068753,-1.6698276954756817,1.436242473924168,0.26571537739496154,0.025390356968339398
axis4,Mystery Game Puzzles,General Reasoning,-0.06517354448608503,-3.281606321852427,3.005222928391185,0.6480687957503869,0.010113476277016883
axis4,GPQA Diamond Chemistry,Chemistry,-0.06844912164428951,-6.696840157976767,5.918198226474237,0.9042163410963467,0.005730480727849958
axis4,SWE-Bench Pro (Private),Autonomous SWE,-0.08411542539036287,-4.858189401125621,5.433910093158228,1.6101623030875263,0.0027290530728252063
axis4,VisualToolBench,Multimodal Understanding,-0.09293237395218945,-4.630684260383849,4.878190472721901,1.6319058973006382,0.0032429767787314017
axis4,GSO-Bench,Autonomous SWE,-0.13481168090987294,-6.163139747244111,6.737412235847428,1.8164005360281252,0.00550848035255656
axis4,Visual Task Assessment (VISTA),Multimodal Understanding,-0.13567932788663606,-1.5189714298593247,1.6952475661809319,0.5282358499367072,0.06597381868911731
axis4,Humanity's Last Exam,Domain Specific Questions,-0.13947315151456352,-5.102544975441161,4.4233000542570995,1.6834141172714197,0.0068643480955434995
axis4,MultiNRC,Advanced Language and Writing,-0.16395589346631612,-2.3331159671248063,2.399853817474475,1.1771610820309475,0.019399130891491357
axis4,SuperGLUE,General Reasoning,-0.1812562108096436,-3.8283475211217923,5.024717458891861,0.8844832538872834,0.04199586819874808
axis4,MMLU Pro Biology,Biology,-0.2451295102342943,-5.28878912066937,4.897531659364608,0.7434011406108098,0.10872883852778258
axis4,OS World (Screenshot),Agentic Computer Use,-0.2857282678309243,-7.411337437860699,6.624316436803655,1.6584345875601545,0.02968313200793851
axis4,WMDP Chemistry,Chemistry,-0.292456322789002,-6.137780416541555,5.3154262797549165,1.3238749694285736,0.048800928840104923
axis4,BoolQ,General Reasoning,-0.3075013986856643,-3.447892116331898,4.370356100722872,1.4235605335783983,0.04665973979855088
axis4,EnigmaEval,General Reasoning,-0.32491250256993953,-4.251989471718628,4.848501189226392,1.7696289490171437,0.03371075024604212
axis4,ScienceQA,Domain Specific Questions,-0.3546430201865468,-4.707153518608496,6.147130298707141,1.0592013625244758,0.11210520369139679
axis4,Fiction.LiveBench,Advanced Language and Writing,-0.3828959137338148,-6.9659213878936,6.944499287118162,1.9542516018985077,0.038388444063511544
axis4,GPQA Main Biology,Biology,-0.4288270748193832,-5.785192866930025,4.713420271596767,0.6765006199093531,0.40181671362766597
axis4,GPQA Main Chemistry,Chemistry,-0.495839605625497,-6.903371017215079,6.494728065432677,1.0011766928251842,0.2452793380171826
axis4,Adversarial NLI,General Reasoning,-0.5998967712398859,-5.991799813372927,8.229790671729612,2.3259449693103713,0.06652029680606168
axis4,BIG-Bench Hard (BBH),Domain Specific Questions,-0.8387437434912477,-7.98459787418158,8.91428943132181,3.884081176130484,0.046631779778403444
axis4,MMLU Pro Chemistry,Chemistry,-1.0038363081450847,-6.278472482241069,6.111677133258381,1.2654017954769312,0.6293161931989745
axis4,OpenBookQA,Domain Specific Questions,-1.016615112226131,-6.263520543405467,8.612350411872871,2.928519333442816,0.12050829214456703
axis4,GSM8K,Domain Specific Questions,-1.2564200406813053,-13.103510209790306,14.375346462375285,6.462882036879253,0.03779351207833649
axis4,ARC-AGI,Core AGI Progress,-1.6776301840452175,-6.777056294803265,8.15290953535592,3.2824600689974077,0.2612122617074645
axis4,FrontierMath,High End Math Reasoning,-1.6976887661135627,-4.797062262053479,6.082419310397843,2.0239516096202372,0.7035839115282133
axis4,ARC (AI2),Domain Specific Questions,-1.8761048752859457,-7.7326182964063195,11.01379948335187,4.438067046352337,0.17870080392636256
axis4,FrontierMath Tier 4,High End Math Reasoning,-2.523194740593677,-7.764514132405364,9.777673466736745,3.0862363519926856,0.6684103662504136
axis4,ARC-AGI-2,Core AGI Progress,-2.613654106976919,-9.492617753101687,11.637724097209237,5.034224413336998,0.2695448766980688
