axis,benchmark,category,loading_median,hdi_low,hdi_high
axis1,ARC-AGI-2,Core AGI Progress,3.2509501566201227,1.3021605173459516,3.7498331570893413
axis1,VPCT,Multimodal Understanding,2.443365932846003,0.3857734939119821,3.3766608955390534
axis1,ARC-AGI,Core AGI Progress,2.3794040449974805,1.1048806195642182,2.7594355261420023
axis1,OTIS Mock AIME 2024-2025,High End Math Reasoning,1.9962314482608203,1.4831012435159097,2.794158361048084
axis1,MATH Level 5,High End Math Reasoning,1.6864438921116212,1.2884675646664223,2.1555191778666583
axis1,DeepSWE,Autonomous SWE,1.3900464408314726,0.7795281350036934,1.9351341143872187
axis1,FrontierMath Tier 4,High End Math Reasoning,1.3807890502125573,0.6957574367591771,2.4607113944496177
axis1,CritPt,Domain Specific Questions,1.2579104474569736,0.9563703876052546,1.60798305344028
axis1,VisualToolBench,Multimodal Understanding,1.1844644339322772,0.5822988960349441,1.5319211077852155
axis1,Aider Polyglot,Autonomous SWE,1.1628300286398494,0.5573407977004293,1.5311252638563442
axis1,FrontierMath Tier 4 v1,High End Math Reasoning,1.1510517233129514,0.6959655882116018,1.6331237280367883
axis1,Humanity's Last Exam,Domain Specific Questions,1.1393374787692179,0.8267146356235918,1.3913981378710265
axis1,GPQA Main Chemistry,Chemistry,1.1123130715784477,0.6779930747652347,1.7670911971792518
axis1,Cybench,Agentic Computer Use,1.061545420892572,0.14297456963427455,1.5688765073949054
axis1,TerminalBench,Agentic Computer Use,1.052378384563089,0.4259040097400212,1.3842529991516113
axis1,GPQA Diamond Chemistry,Chemistry,1.0502017992716968,0.6192540702929374,1.669750660613632
axis1,Fiction.LiveBench,Advanced Language and Writing,0.994411815626222,0.42647262184778734,1.5933747523058133
axis1,SimpleBench,General Reasoning,0.9802052759470962,0.17950035283537313,1.2702310273581272
axis1,FrontierMath,High End Math Reasoning,0.9790808675006113,0.5898328589394195,1.7458358780332397
axis1,CAD-Eval,Multimodal Understanding,0.9723614277073929,0.047253911655156286,1.4898676202928158
axis1,MCP Atlas,Agentic Computer Use,0.9456227254818035,0.057918437414050866,1.2952523279040002
axis1,GPQA Diamond,Domain Specific Questions,0.9241758349253204,0.7122295856931742,1.3135980706728312
axis1,EnigmaEval,General Reasoning,0.8856816399491211,0.5499015876005469,1.3143247743859392
axis1,BioLP-bench,Biology,0.8645691763627484,0.5003689691927922,1.3411157995034797
axis1,GSO-Bench,Autonomous SWE,0.8516544459101992,0.049420457677741565,1.3377138384459086
axis1,MultiNRC,Advanced Language and Writing,0.7874337149981596,0.5365910952622132,0.9829697983930864
axis1,SWE-Bench Pro (Private),Autonomous SWE,0.7676567725219864,0.1292081647013268,1.1337210461083473
axis1,The Agent Company,Agentic Computer Use,0.7512775479306648,0.1796669078352701,1.356186963884638
axis1,SimpleQA Verified,Domain Specific Questions,0.7491077008838463,0.14036880560530565,1.0177415894712314
axis1,APEX Agents,Core AGI Progress,0.7377805259849715,0.36388298438350875,1.0660606878614856
axis1,CursorBench,Autonomous SWE,0.7054411670474151,0.32232246617000887,1.0639724180245442
axis1,Chess Puzzles,General Reasoning,0.7000773208361118,0.31801654783927363,1.9165936598256874
axis1,Surface Evolver Bench,Autonomous SWE,0.6873577491240332,0.08502134228270813,1.5294285176261924
axis1,LiveBench,Core AGI Progress,0.6407415707371171,0.4096372316356952,0.8766916140469998
axis1,MMLU Pro Chemistry,Chemistry,0.6378861490642178,0.2785008590341169,1.2785713235006795
axis1,EBR-bench,Agentic Computer Use,0.6007520456338924,0.0631250542792672,1.2173850674653555
axis1,WeirdML,Autonomous SWE,0.5695408988505233,0.40660645309613647,0.7385987801043595
axis1,LAB-Bench SeqQA,Biology,0.5489968573982655,0.3398798005813504,0.7787008060595791
axis1,MMLU Chemistry,Chemistry,0.527031428138613,0.33281632311039383,0.7065488380860759
axis1,ProofBench,High End Math Reasoning,0.5091472735123088,0.07790333628080795,1.0340653752501383
axis1,AudioMultiChallenge,Multimodal Understanding,0.49345986036530637,0.11014831959782843,0.7568286252703936
axis1,METR Time Horizons,Autonomous SWE,0.4839167660808893,0.23268844043076828,0.6332482217883892
axis1,CSQA2,General Reasoning,0.46983914121835746,0.02500110157053144,1.1225916807515415
axis1,GSM8K,Domain Specific Questions,0.4674658437155431,0.007909829534183193,1.2399438608099729
axis1,OS World (Screenshot),Agentic Computer Use,0.46228291934064514,0.03683420869241177,1.078005113268294
axis1,Mystery Game Puzzles,General Reasoning,0.44877837941777077,0.0837312814991834,0.9935398193903753
axis1,GPQA Main Biology,Biology,0.44259614219259175,0.12672942513382351,0.9861187335673066
axis1,SpatialViz-Bench,Multimodal Understanding,0.42524528217198637,0.033501525170823,1.1121952672935917
axis1,SWE-Bench Verified,Autonomous SWE,0.4138377167781023,0.06603765517492774,0.6331140363411746
axis1,BlueprintBench 2,Multimodal Understanding,0.3855986599657413,0.025964345468387502,1.0430323373129886
axis1,GPQA Diamond Biology,Biology,0.3746451736144488,0.06499428942135861,0.8373784487488465
axis1,Remote Labor Index,Core AGI Progress,0.372593954312882,0.0248211204331572,1.068588773106265
axis1,MultiChallenge,Advanced Language and Writing,0.35105022024927557,0.0804039066317181,0.5947755909857382
axis1,CL-Bench,Domain Specific Questions,0.3312806661519686,0.06875943709330674,0.6748116354443392
axis1,CL-Bench Life,Domain Specific Questions,0.3290682438423701,0.034599625348881474,0.9136670695834537
axis1,LAB-Bench Protocol,Biology,0.32778263230705873,0.12295101152616654,0.7026768596834609
axis1,OS World 2,Agentic Computer Use,0.3265902032666488,0.0197072245000446,1.11244698384967
axis1,SciCode,Autonomous SWE,0.3222146488415526,0.23778836880490273,0.397368557456265
axis1,ExploitBench,Agentic Computer Use,0.3212110378156465,0.018205617500448756,1.058297087594791
axis1,LAB-Bench Cloning,Biology,0.3055295345660889,0.02928006526788409,1.0605276699056851
axis1,Visual Task Assessment (VISTA),Multimodal Understanding,0.2984899702051872,0.17784903595949889,0.44005356430906845
axis1,MMLU Pro Biology,Biology,0.2896192005987646,0.030166332923292027,0.8232637285504557
axis1,SEAL Tool Use (Enterprise),Agentic Computer Use,0.2889660752511449,0.02360842572427775,0.8021041323234114
axis1,BIG-Bench Hard (BBH),Domain Specific Questions,0.28421831560518984,0.06394247827030529,0.7704757966983763
axis1,SEAL Instruction Following,Advanced Language and Writing,0.28264252886636027,0.03503892113797849,0.647403886224383
axis1,SWE-Bench Pro,Autonomous SWE,0.27903259872675923,0.021919327574543988,0.644719214668007
axis1,LAB-Bench LitQA2,Biology,0.27785656456843755,0.10178969964144324,0.43695514366630667
axis1,BALROG,General Reasoning,0.26906252923328405,0.03943029985947841,0.5249987831365095
axis1,MindCube,Multimodal Understanding,0.2686018532491705,0.012427515769652467,1.187941710694504
axis1,TutorBench,Advanced Language and Writing,0.26291479110805505,0.08272158184719312,0.39226853150233826
axis1,PostTrainBench,Autonomous SWE,0.25987557715251286,0.03031180493398508,0.5747256149111841
axis1,SuperGLUE,General Reasoning,0.24598570026229244,0.018845949107497276,0.7249770595989327
axis1,LAMBADA,General Reasoning,0.24244573196053015,0.02410625643744995,0.3930347543152176
axis1,Adversarial NLI,General Reasoning,0.24174019089042983,0.01861888036633335,0.6183331113367637
axis1,GeoBench,Multimodal Understanding,0.23864769802560123,0.02049366324182335,0.5765791280713217
axis1,PRBench Legal,Domain Specific Questions,0.23355785226763964,0.04194545928143448,0.37770473710262276
axis1,DeepResearchBench,Agentic Computer Use,0.23274577324599724,0.016794537257202122,0.4799938094045009
axis1,GBAEval,Agentic Computer Use,0.2316695228738631,0.010369915456624183,0.9762538405335232
axis1,MMLU-Pro,Domain Specific Questions,0.23109074945657077,0.0716776328297368,0.7547642531919009
axis1,PRBench Finance,Domain Specific Questions,0.2280030725365755,0.03571107141376658,0.38814396346860497
axis1,MMLU Biology,Biology,0.21995508577139755,0.06898132171586582,0.35932123597519344
axis1,WMDP Chemistry,Chemistry,0.21469728050926368,0.031024225254674284,0.8976036407643839
axis1,WinoGrande,General Reasoning,0.20058334840450237,0.023254744210956302,0.5118475428877997
axis1,HellaSwag,General Reasoning,0.19320859097956625,0.012760769006480988,0.5116978754839403
axis1,Lech Mazur Writing,Advanced Language and Writing,0.187325966124808,0.025602417278128245,0.37006072470738066
axis1,GDPval,Core AGI Progress,0.18715961786645594,0.010344361708980362,0.7186149889830624
axis1,GDP.pdf,Core AGI Progress,0.1679499189172458,0.010805130686927627,0.5264493399721739
axis1,BoolQ,General Reasoning,0.16695373699860777,0.011333675264268818,0.40625190045916065
axis1,TriviaQA,Domain Specific Questions,0.16236587870311164,0.007462460143944377,0.5549669077469238
axis1,ScienceQA,Domain Specific Questions,0.15917643309669166,0.008226769276492369,0.6426699985729734
axis1,FrontierCode,Autonomous SWE,0.145722798860343,0.007020853139922496,0.6240731298708323
axis1,PIQA,General Reasoning,0.1260836895300656,0.03409156763517501,0.22893041572341338
axis1,ForecastBench,General Reasoning,0.10362441609465936,0.01126634010945733,0.265947935319746
axis1,OpenBookQA,Domain Specific Questions,0.09512370104564544,0.0047788578531496664,0.330619926710047
axis1,Video-MME,Multimodal Understanding,0.0920248905807633,0.0038574059080846404,0.519683537620278
axis1,MMLU,Domain Specific Questions,0.08899483870249472,0.004077503143942339,0.7466961747148538
axis1,ARC (AI2),Domain Specific Questions,0.05580452999055025,0.0023188981804737672,0.40623876336590237
axis1,WMDP Biology,Biology,0.043382211340479565,0.002067086857441731,0.6490553164302784
axis2,OTIS Mock AIME 2024-2025,High End Math Reasoning,2.1518673249736677,0.2926898216774166,2.651095103508702
axis2,FrontierMath Tier 4,High End Math Reasoning,1.9699783531163502,0.647939506574666,2.5594227687186097
axis2,MATH Level 5,High End Math Reasoning,1.6113872324889194,0.2849470844954608,1.9877208836730966
axis2,Chess Puzzles,General Reasoning,1.5863118581401745,0.0911493341910374,2.0021845447769104
axis2,FrontierMath,High End Math Reasoning,1.4101851453011414,0.5241881493098423,1.7675643520397148
axis2,GPQA Main Chemistry,Chemistry,1.3389386699029635,0.6136849076581911,1.839408058416314
axis2,GPQA Diamond Chemistry,Chemistry,1.277010329869444,0.561920796571967,1.7409210115280458
axis2,FrontierMath Tier 4 v1,High End Math Reasoning,1.2045697853228352,0.6392843627871513,1.6382338313894116
axis2,ARC-AGI-2,Core AGI Progress,1.178348799248899,0.3774205428597565,3.2977193837668186
axis2,CritPt,Domain Specific Questions,1.1741867424723194,0.72903216281454,1.522395743349834
axis2,GPQA Diamond,Domain Specific Questions,1.073425078008225,0.3012138640011281,1.2761720969901849
axis2,MMLU Pro Chemistry,Chemistry,1.0049106469572107,0.3226356173939169,1.369960519515739
axis2,ARC-AGI,Core AGI Progress,0.9966780157625914,0.41806823822375655,2.385954474677683
axis2,BioLP-bench,Biology,0.9865624586740405,0.17401868493688058,1.3448175257957073
axis2,GSM8K,Domain Specific Questions,0.9724502143254459,0.08634419055925895,1.4608946792482875
axis2,EnigmaEval,General Reasoning,0.9499438312334261,0.5128133273878337,1.3984281657778883
axis2,DeepSWE,Autonomous SWE,0.9231667840075541,0.40666638258484356,1.5307589736215705
axis2,Surface Evolver Bench,Autonomous SWE,0.9226983268455631,0.17589640266522144,1.697405208047128
axis2,Humanity's Last Exam,Domain Specific Questions,0.8279225742968546,0.35250571015038534,1.153259323674033
axis2,Fiction.LiveBench,Advanced Language and Writing,0.8258517562511323,0.13139613605509304,1.5272230260056145
axis2,LAB-Bench Cloning,Biology,0.8220548240398045,0.12177454518938062,1.3135280327641772
axis2,Aider Polyglot,Autonomous SWE,0.7490058786900479,0.35134997123764006,1.3739231159139056
axis2,WMDP Chemistry,Chemistry,0.7472940752287358,0.050513107288842514,0.958244603041841
axis2,GPQA Main Biology,Biology,0.7403582473642593,0.14653373363146707,1.0842726562156604
axis2,VisualToolBench,Multimodal Understanding,0.7208819537666242,0.16801977611254496,1.3014271844941927
axis2,The Agent Company,Agentic Computer Use,0.7153039347415404,0.07687458816509089,1.4775907569014504
axis2,Mystery Game Puzzles,General Reasoning,0.7033595781016543,0.12999317971462016,1.1327497655071856
axis2,CL-Bench Life,Domain Specific Questions,0.6608233163172825,0.05996228012982803,0.9865718122678917
axis2,MMLU,Domain Specific Questions,0.658908844972494,0.014239324954477052,0.869995851289605
axis2,MMLU-Pro,Domain Specific Questions,0.6334894661584065,0.09382633581281437,0.843024692865704
axis2,MultiNRC,Advanced Language and Writing,0.6285631789611941,0.40194566157389755,0.858435443828725
axis2,LiveBench,Core AGI Progress,0.6241580239574303,0.23932115980612398,0.8789668898634538
axis2,MMLU Pro Biology,Biology,0.6195465389827922,0.06580608664095083,0.9727739942600386
axis2,BIG-Bench Hard (BBH),Domain Specific Questions,0.5993692110561184,0.17376631868167844,0.9207071009941011
axis2,GPQA Diamond Biology,Biology,0.5809813637348424,0.10658038873293961,0.9233907765217496
axis2,WeirdML,Autonomous SWE,0.5595182391654048,0.3668220824607318,0.7272431165572608
axis2,ProofBench,High End Math Reasoning,0.5500250890582518,0.1280692594980124,1.517841785321098
axis2,WMDP Biology,Biology,0.5464889667919262,0.0053527555856830306,0.7157736649407227
axis2,LAB-Bench Protocol,Biology,0.5464692555470888,0.16848992848014774,0.7747596004299634
axis2,LAB-Bench SeqQA,Biology,0.5369307867773107,0.21029456961599374,0.7447895162443209
axis2,TerminalBench,Agentic Computer Use,0.5342621997188062,0.21215911583182587,1.219118922077447
axis2,APEX Agents,Core AGI Progress,0.5169565735171644,0.19460629604141608,0.881109487380159
axis2,SEAL Tool Use (Enterprise),Agentic Computer Use,0.5148405197205425,0.03375576030813256,0.9411394856296839
axis2,VPCT,Multimodal Understanding,0.5081749899761436,0.04086301442280496,2.7299060558066057
axis2,GDPval,Core AGI Progress,0.48582593625948456,0.0417807461004374,0.9911827811459643
axis2,ExploitBench,Agentic Computer Use,0.4656003429386244,0.03225879968081471,1.2335143275607623
axis2,MMLU Chemistry,Chemistry,0.4622759820310764,0.22812807902969176,0.6351135779350479
axis2,BlueprintBench 2,Multimodal Understanding,0.440724413930876,0.04304304028215544,1.2064409989246128
axis2,CL-Bench,Domain Specific Questions,0.43804211240920976,0.07167800326809405,0.6976031590355665
axis2,Cybench,Agentic Computer Use,0.39931681641714545,0.021559452938484026,1.4686937726106115
axis2,CursorBench,Autonomous SWE,0.3965742249223142,0.16403567617076362,0.8422900076242881
axis2,MindCube,Multimodal Understanding,0.38884510279377227,0.019560186308216706,1.3642519761738927
axis2,SpatialViz-Bench,Multimodal Understanding,0.3538466260845743,0.023478158237653746,1.046486781453476
axis2,OS World (Screenshot),Agentic Computer Use,0.34708940028648755,0.029620500876377277,1.1444980503641256
axis2,GBAEval,Agentic Computer Use,0.3302095651729898,0.01625138769331328,1.938509840129803
axis2,SEAL Instruction Following,Advanced Language and Writing,0.3281926077514451,0.02873111354834062,0.7533729212543796
axis2,AudioMultiChallenge,Multimodal Understanding,0.3095290016289302,0.025090874093276063,0.6717388823907692
axis2,PostTrainBench,Autonomous SWE,0.30504995488450093,0.05249720828140322,0.712380921653468
axis2,EBR-bench,Agentic Computer Use,0.29532435428734877,0.0191291585946938,1.2258211658297948
axis2,METR Time Horizons,Autonomous SWE,0.29525315968020127,0.10339155469387505,0.5465864149187898
axis2,OS World 2,Agentic Computer Use,0.29262584061079633,0.021492974407334664,1.03080302673081
axis2,BoolQ,General Reasoning,0.291998866349363,0.03586836346396794,0.5065412844622729
axis2,GDP.pdf,Core AGI Progress,0.28959154115857993,0.026901624796183788,0.6577863666179624
axis2,Remote Labor Index,Core AGI Progress,0.2697177021514783,0.014731714921414098,1.1028738265176472
axis2,SWE-Bench Pro (Private),Autonomous SWE,0.2662474133284732,0.018057742944024784,1.0588684075272325
axis2,SuperGLUE,General Reasoning,0.2650958543506311,0.031054723893109346,0.6988361200920081
axis2,Video-MME,Multimodal Understanding,0.26484128884844965,0.009483562735154145,0.6895468123891099
axis2,MultiChallenge,Advanced Language and Writing,0.2640826996202974,0.02980715311143934,0.618757745450629
axis2,SciCode,Autonomous SWE,0.2526713073120537,0.1632244318737802,0.3377090204837208
axis2,ARC (AI2),Domain Specific Questions,0.2431722174950847,0.009669937926552564,0.6969938237642799
axis2,SimpleBench,General Reasoning,0.23608083308186195,0.031374594708941946,1.1462282006390334
axis2,SimpleQA Verified,Domain Specific Questions,0.23122100900281675,0.024766221959355197,0.8970711456618459
axis2,WinoGrande,General Reasoning,0.23098048133229182,0.05075046559772874,0.5126821324710543
axis2,GeoBench,Multimodal Understanding,0.23041831881181682,0.018868890098619733,0.5627431634014698
axis2,Visual Task Assessment (VISTA),Multimodal Understanding,0.22595501225566533,0.029660928711468856,0.34662831177082665
axis2,ScienceQA,Domain Specific Questions,0.2204984919497498,0.013465493888608416,0.9309633917393928
axis2,LAB-Bench LitQA2,Biology,0.21950894049655956,0.0688801150239353,0.41156489313063416
axis2,BALROG,General Reasoning,0.21288795365043672,0.017934242115784357,0.6031024432545967
axis2,MMLU Biology,Biology,0.2124348142457542,0.0831473030040512,0.3694527298127883
axis2,TriviaQA,Domain Specific Questions,0.19793719391517606,0.011347648169079258,0.47090724571937964
axis2,SWE-Bench Pro,Autonomous SWE,0.19134186299349132,0.011326755251006935,0.8528402391339582
axis2,MCP Atlas,Agentic Computer Use,0.1899200981012401,0.008205111119444594,1.1368408539909165
axis2,FrontierCode,Autonomous SWE,0.1876669240696215,0.009436564377491187,0.7923327614318911
axis2,SWE-Bench Verified,Autonomous SWE,0.18431413707158711,0.01373782322008137,0.6258974286528969
axis2,CAD-Eval,Multimodal Understanding,0.17895912159310307,0.007943823538243786,1.3073627624759743
axis2,GSO-Bench,Autonomous SWE,0.16599117055071289,0.008274284615887684,1.4395633712662146
axis2,Adversarial NLI,General Reasoning,0.15750764956876218,0.007704838980023191,0.6401080978246313
axis2,TutorBench,Advanced Language and Writing,0.15187918886292612,0.014155515181531004,0.35332131289164714
axis2,ForecastBench,General Reasoning,0.14441234268043673,0.014249933519984501,0.333465246571393
axis2,CSQA2,General Reasoning,0.1414791146481617,0.006206471964323705,0.9588365879064539
axis2,LAMBADA,General Reasoning,0.13282958711804238,0.012981533969463681,0.34067840336792593
axis2,Lech Mazur Writing,Advanced Language and Writing,0.1285425184057168,0.008172326062661947,0.36184114963287056
axis2,PIQA,General Reasoning,0.11142564456362378,0.03973918692715591,0.21848757083906503
axis2,OpenBookQA,Domain Specific Questions,0.11035899467856573,0.005183871235323046,0.45670885734204053
axis2,HellaSwag,General Reasoning,0.10821836373608909,0.006400363113253986,0.4810136789462957
axis2,PRBench Legal,Domain Specific Questions,0.10171333026398738,0.007559744413540991,0.2981344833829043
axis2,PRBench Finance,Domain Specific Questions,0.10037615631623137,0.006902079975002236,0.3040286253679488
axis2,DeepResearchBench,Agentic Computer Use,0.09712704639213389,0.004298353085461413,0.4124593283590404
axis3,ProofBench,High End Math Reasoning,1.20275290437151,0.06264499681774235,1.6636950084556652
axis3,GBAEval,Agentic Computer Use,1.1985026113292583,0.022500187085054427,2.4846308530340595
axis3,GSM8K,Domain Specific Questions,1.1861947411356484,0.005997239979054789,1.9818582724002305
axis3,FrontierMath Tier 4,High End Math Reasoning,1.0542252536992176,0.06876157050635727,1.9087962065034152
axis3,Aider Polyglot,Autonomous SWE,0.9837930534899073,0.5309650073438693,1.3400440603388646
axis3,GSO-Bench,Autonomous SWE,0.9529547214498797,0.06124060732591532,1.49279336153668
axis3,BlueprintBench 2,Multimodal Understanding,0.9213940432447226,0.10455761985001741,1.5542256422985732
axis3,The Agent Company,Agentic Computer Use,0.9207274357652661,0.15961441656344083,1.6019985913921106
axis3,EBR-bench,Agentic Computer Use,0.9112980945685314,0.1010476891531959,1.4710726894191275
axis3,ExploitBench,Agentic Computer Use,0.8373049789419508,0.07592024803540073,1.3667653579451147
axis3,FrontierMath Tier 4 v1,High End Math Reasoning,0.8158763157139663,0.08815733357247249,1.2569295560597409
axis3,Cybench,Agentic Computer Use,0.8003435325373437,0.01250183345575305,1.413975684837321
axis3,VPCT,Multimodal Understanding,0.7801694776105894,0.05292013416630141,1.9314544516113987
axis3,Surface Evolver Bench,Autonomous SWE,0.7765964369202832,0.0993594185162509,1.303617089981702
axis3,LAB-Bench Cloning,Biology,0.7696526861149358,0.2801653471243942,1.3049369621082125
axis3,OS World (Screenshot),Agentic Computer Use,0.7559907015442784,0.017244939318882213,1.5354481882532118
axis3,TerminalBench,Agentic Computer Use,0.7361045220347866,0.21599124761664798,1.1163178195836971
axis3,EnigmaEval,General Reasoning,0.7264792096544519,0.3897104498979521,1.241028865989781
axis3,BIG-Bench Hard (BBH),Domain Specific Questions,0.7170533464599023,0.1230039956960607,1.4014705299441002
axis3,GDPval,Core AGI Progress,0.712278341266541,0.04205295281908924,1.2049507026454198
axis3,GPQA Diamond Chemistry,Chemistry,0.7050958095282669,0.15220622509905526,1.4656666579700748
axis3,OS World 2,Agentic Computer Use,0.6963133211909489,0.040321654242685114,1.1995443125944514
axis3,SWE-Bench Pro,Autonomous SWE,0.6717904829977466,0.07788531100891438,1.1461142592447928
axis3,Remote Labor Index,Core AGI Progress,0.6636836409017538,0.012906273786745989,1.287490327561396
axis3,FrontierMath,High End Math Reasoning,0.661587899261463,0.045740398533924566,1.3561694134719837
axis3,ARC-AGI-2,Core AGI Progress,0.6530658880234648,0.01492142352630437,1.7958553951593013
axis3,SimpleBench,General Reasoning,0.6530204030421591,0.12544904432315365,1.4129493537630957
axis3,CritPt,Domain Specific Questions,0.6460572357113041,0.2743466554202735,1.0645033820625383
axis3,DeepSWE,Autonomous SWE,0.634809909489459,0.04945464727923451,1.1646192291014354
axis3,SWE-Bench Pro (Private),Autonomous SWE,0.6278987159947649,0.018504257844831853,1.1462507717834822
axis3,GPQA Main Chemistry,Chemistry,0.6258110218400166,0.052094145570423134,1.531773295886493
axis3,CSQA2,General Reasoning,0.6110647894766117,0.02444822302888119,1.7754888978921668
axis3,FrontierCode,Autonomous SWE,0.5929390993468877,0.039938814247314915,0.8942293633059691
axis3,CAD-Eval,Multimodal Understanding,0.584425274045522,0.0429197701796311,1.2157696120788866
axis3,MultiNRC,Advanced Language and Writing,0.564978891398259,0.3370360690896341,0.9248128667206812
axis3,ARC (AI2),Domain Specific Questions,0.5607148493319702,0.043524192329926985,1.6779928456959763
axis3,PostTrainBench,Autonomous SWE,0.5605069886219403,0.08650922352466033,0.8532001885820925
axis3,ScienceQA,Domain Specific Questions,0.557129620836782,0.03158143522767748,1.307566404051299
axis3,Adversarial NLI,General Reasoning,0.556172517904046,0.03763247294770311,1.8976114822395815
axis3,WinoGrande,General Reasoning,0.5396280387653369,0.053677989444131644,0.746088096342006
axis3,APEX Agents,Core AGI Progress,0.523276041327934,0.10944159597623429,0.801253402437737
axis3,HellaSwag,General Reasoning,0.512257196111632,0.010310035454936368,0.7261895030812835
axis3,MMLU,Domain Specific Questions,0.49921222523276565,0.15258956980166552,1.0270914111927258
axis3,SuperGLUE,General Reasoning,0.49900474076112095,0.0407022881594213,1.1593776194337126
axis3,BoolQ,General Reasoning,0.4844710012653265,0.06432990471452797,0.8827421009338834
axis3,WeirdML,Autonomous SWE,0.4801069762499277,0.10440251706147377,0.6644152692597403
axis3,ARC-AGI,Core AGI Progress,0.4716726819231451,0.14696133599719294,1.212047291428728
axis3,MMLU Pro Chemistry,Chemistry,0.46209039568163257,0.04763426492545163,1.1343075125555497
axis3,GDP.pdf,Core AGI Progress,0.45717885408520365,0.011956878120336854,0.7211574988629726
axis3,OpenBookQA,Domain Specific Questions,0.45567313265028614,0.031346970865044066,1.474713716905655
axis3,Fiction.LiveBench,Advanced Language and Writing,0.43763694973265693,0.019891827639887002,1.3545906268309498
axis3,SWE-Bench Verified,Autonomous SWE,0.43505995782916645,0.06867797045589029,0.6837692174196425
axis3,BALROG,General Reasoning,0.4199652564973657,0.10322671773068358,0.8886737634390286
axis3,CursorBench,Autonomous SWE,0.4167103279720222,0.06292169544981743,0.6512090042207922
axis3,LAB-Bench Protocol,Biology,0.41237572818920576,0.14178384790901105,0.7521475980324123
axis3,MMLU-Pro,Domain Specific Questions,0.41068163011287817,0.14831102886773134,0.8737997463675579
axis3,BioLP-bench,Biology,0.4092469360993173,0.02733980063560822,1.0880274380660602
axis3,TriviaQA,Domain Specific Questions,0.37192704909897106,0.005631323734048947,0.691060617055025
axis3,LiveBench,Core AGI Progress,0.36527315350458356,0.10778695762500232,0.7201866604786639
axis3,Mystery Game Puzzles,General Reasoning,0.3618264494524518,0.07653321390232118,0.788459866793226
axis3,GPQA Main Biology,Biology,0.34722478068977836,0.022947590220429158,0.9276335726576278
axis3,GPQA Diamond,Domain Specific Questions,0.3446286910854771,0.15975253339064455,0.9722771511868372
axis3,MMLU Pro Biology,Biology,0.3361066285948521,0.011569419068255912,0.8628183729580103
axis3,MindCube,Multimodal Understanding,0.32994258521522934,0.01692526327129563,1.2303550582117062
axis3,VisualToolBench,Multimodal Understanding,0.32818954645333503,0.036447894935885586,0.7689122231226584
axis3,METR Time Horizons,Autonomous SWE,0.327193091190667,0.14201836565008572,0.4691148336416766
axis3,Chess Puzzles,General Reasoning,0.3263093659338472,0.01801102717848813,1.514943472586789
axis3,Humanity's Last Exam,Domain Specific Questions,0.31173385901560013,0.07924966806973681,0.7065313346996818
axis3,SimpleQA Verified,Domain Specific Questions,0.29259378508865685,0.03110413472043865,1.15045387354315
axis3,GPQA Diamond Biology,Biology,0.2845724090867525,0.017985161895296673,0.8243430425325322
axis3,SEAL Tool Use (Enterprise),Agentic Computer Use,0.2818214441530226,0.013702830285941638,0.7380548245516573
axis3,SpatialViz-Bench,Multimodal Understanding,0.27665153729318714,0.016730850258706253,0.9374612414576405
axis3,MCP Atlas,Agentic Computer Use,0.262337411274552,0.0202633152818832,0.667350453795466
axis3,MultiChallenge,Advanced Language and Writing,0.26109258724899054,0.025761493042322395,0.7241207340478081
axis3,LAB-Bench SeqQA,Biology,0.2582036167763312,0.031572796431868555,0.5860591894284132
axis3,Lech Mazur Writing,Advanced Language and Writing,0.24796245411631385,0.03642723115760062,0.5205914288318282
axis3,OTIS Mock AIME 2024-2025,High End Math Reasoning,0.2385849020780368,0.02048340329460968,1.879362522924884
axis3,PIQA,General Reasoning,0.22459603966572245,0.04321882261598151,0.3609465642605444
axis3,DeepResearchBench,Agentic Computer Use,0.22181206044101964,0.02299155406330226,0.6176725916466246
axis3,LAMBADA,General Reasoning,0.21479910023163967,0.030660866294276442,0.40118330252748013
axis3,WMDP Chemistry,Chemistry,0.20270663001162226,0.021088266677704928,0.7962452678142431
axis3,LAB-Bench LitQA2,Biology,0.18955059173677155,0.019817985524815413,0.4900819262741484
axis3,WMDP Biology,Biology,0.18921328205533816,0.017317625407927913,0.6148046626044201
axis3,CL-Bench Life,Domain Specific Questions,0.186310432782055,0.01909585277118878,0.6811940714730194
axis3,MATH Level 5,High End Math Reasoning,0.18061186026071518,0.013375948685186574,1.3961114621015653
axis3,AudioMultiChallenge,Multimodal Understanding,0.17723886732686922,0.010822695429431197,0.5150933131936941
axis3,MMLU Biology,Biology,0.17621583469559593,0.024416748190108143,0.41884787436985044
axis3,SciCode,Autonomous SWE,0.17561223710153367,0.10277397512247168,0.26118475955021336
axis3,MMLU Chemistry,Chemistry,0.17413660121851726,0.008608265946650371,0.539197650644965
axis3,GeoBench,Multimodal Understanding,0.15576736989463985,0.0066847779204629865,0.6785578497467427
axis3,Video-MME,Multimodal Understanding,0.14943856579421322,0.005354251950978822,0.527789621618153
axis3,PRBench Finance,Domain Specific Questions,0.14886990380876475,0.018108956189322786,0.30394155714267745
axis3,PRBench Legal,Domain Specific Questions,0.138747234261676,0.018295337653762185,0.30021064170318595
axis3,CL-Bench,Domain Specific Questions,0.1199609008897348,0.009948213054185586,0.4338894312940505
axis3,SEAL Instruction Following,Advanced Language and Writing,0.10835472316793016,0.006485068077126623,0.42340206968987537
axis3,ForecastBench,General Reasoning,0.10723177026596781,0.00865072197705974,0.30543738984933666
axis3,TutorBench,Advanced Language and Writing,0.09987476747566376,0.0061648866393931925,0.30840085985491783
axis3,Visual Task Assessment (VISTA),Multimodal Understanding,0.07714874288856635,0.002449421684116746,0.4221184885448774
axis4,ARC (AI2),Domain Specific Questions,1.3475816066466981,0.11654415146841705,1.661653402155643
axis4,GSM8K,Domain Specific Questions,1.223469027748747,0.005629671288314811,1.9011536520419674
axis4,OpenBookQA,Domain Specific Questions,1.1529323540000878,0.04374966662394983,1.4968304561780967
axis4,Adversarial NLI,General Reasoning,1.097083059168209,0.06603851507034723,1.9290321965882347
axis4,SimpleBench,General Reasoning,0.9507851896049058,0.28963926796510253,1.3932811122484845
axis4,BIG-Bench Hard (BBH),Domain Specific Questions,0.9257513028721462,0.11924326353520488,1.363672104373883
axis4,Aider Polyglot,Autonomous SWE,0.8831136034759981,0.5256038877081979,1.2393024333907499
axis4,The Agent Company,Agentic Computer Use,0.8800205559151824,0.18031680411166567,1.5373937090129313
axis4,VPCT,Multimodal Understanding,0.7921696257164369,0.06787337043726929,1.983872068836054
axis4,EBR-bench,Agentic Computer Use,0.7662605289341062,0.10988690851444516,1.352811727321763
axis4,EnigmaEval,General Reasoning,0.7587331385239036,0.4002897579249247,1.1963702950475905
axis4,BlueprintBench 2,Multimodal Understanding,0.7403588517522424,0.07277403082234274,1.4234495704191956
axis4,SimpleQA Verified,Domain Specific Questions,0.7349387405252973,0.029390565275287883,1.234095863824625
axis4,MMLU,Domain Specific Questions,0.7327506274346531,0.19376123941310539,0.9967019772489456
axis4,CSQA2,General Reasoning,0.7052906725237722,0.03364811062466617,1.7341994155235998
axis4,Fiction.LiveBench,Advanced Language and Writing,0.6914010052550088,0.02428597063246165,1.369236798850647
axis4,ExploitBench,Agentic Computer Use,0.6883817039175433,0.04933444245946978,1.2693226770477724
axis4,BoolQ,General Reasoning,0.6737896172622723,0.16375526839617982,0.889346444052287
axis4,LAB-Bench Cloning,Biology,0.6587265736324018,0.23405573508445943,1.109681313126783
axis4,Surface Evolver Bench,Autonomous SWE,0.6564452566607284,0.06750701361977948,1.200019255874402
axis4,MultiNRC,Advanced Language and Writing,0.6538569734666269,0.31488596151773224,0.9224668030474916
axis4,SuperGLUE,General Reasoning,0.607185637443316,0.057822945308329855,1.1782037401619965
axis4,Chess Puzzles,General Reasoning,0.5969178406078175,0.0274978082012665,1.0132580783106806
axis4,WinoGrande,General Reasoning,0.5893291800021965,0.11653364596495207,0.769125375806547
axis4,HellaSwag,General Reasoning,0.5763934054662674,0.04068086289801447,0.7679928784164303
axis4,MMLU-Pro,Domain Specific Questions,0.571559966503719,0.15974485704784352,0.8459350473353131
axis4,CAD-Eval,Multimodal Understanding,0.5689119844675911,0.06362058604594108,1.1166374837146167
axis4,SWE-Bench Pro,Autonomous SWE,0.547524449900145,0.0770987872304331,1.091407907204985
axis4,GSO-Bench,Autonomous SWE,0.5433496019156392,0.0798065063461072,1.3251195300394514
axis4,GPQA Diamond Chemistry,Chemistry,0.5369396634691397,0.0936258478278552,1.1795311952521204
axis4,CritPt,Domain Specific Questions,0.5307125758166269,0.19263712555399712,0.8070312150316751
axis4,OS World 2,Agentic Computer Use,0.5279152814666697,0.026046766778830988,1.1122979815516127
axis4,BioLP-bench,Biology,0.5215385648925517,0.05324695124027948,1.0946088910791019
axis4,BALROG,General Reasoning,0.5204016776328299,0.17278459433933777,0.8683326669872247
axis4,TerminalBench,Agentic Computer Use,0.5118047693570953,0.18232653089293857,0.9894658072622485
axis4,FrontierMath Tier 4,High End Math Reasoning,0.4858890515309193,0.04138770876374358,1.4294055291117262
axis4,ScienceQA,Domain Specific Questions,0.4779987897922293,0.026105631604026694,1.1675622077391374
axis4,ProofBench,High End Math Reasoning,0.4766883353860827,0.04057702026797536,1.5297778606849148
axis4,FrontierMath Tier 4 v1,High End Math Reasoning,0.4747686021427486,0.045124087627861506,1.0947332004910606
axis4,FrontierCode,Autonomous SWE,0.47306557682474704,0.02382171430401707,0.8388420528459124
axis4,DeepSWE,Autonomous SWE,0.45852708918867163,0.029368574568024556,1.0275833197181643
axis4,TriviaQA,Domain Specific Questions,0.4539076416992539,0.02697358152569578,0.7186665895709193
axis4,LiveBench,Core AGI Progress,0.45198660009352154,0.15376950938786077,0.7123088930086452
axis4,PostTrainBench,Autonomous SWE,0.4331073574643106,0.04989834264779367,0.796689313468801
axis4,LAB-Bench Protocol,Biology,0.4295547423399998,0.17193732535189984,0.743553506757862
axis4,APEX Agents,Core AGI Progress,0.4157134627972324,0.060959792767687725,0.7287733705219821
axis4,SEAL Tool Use (Enterprise),Agentic Computer Use,0.4045475473285581,0.03153446699999014,0.73874767564354
axis4,GBAEval,Agentic Computer Use,0.4029783870753296,0.014769834898802767,2.1830499567575337
axis4,GPQA Diamond,Domain Specific Questions,0.40022513471807175,0.14427826833409,0.6257095570838879
axis4,GDPval,Core AGI Progress,0.3781239376520541,0.02060505570928995,1.1194936542524943
axis4,ARC-AGI,Core AGI Progress,0.36098363186188265,0.11935829407258779,0.8989272903722239
axis4,GPQA Main Chemistry,Chemistry,0.3440195991120998,0.027454428831101413,1.1966594694548498
axis4,SWE-Bench Verified,Autonomous SWE,0.3399991453019612,0.06315030178645593,0.6200407675772039
axis4,MMLU Pro Chemistry,Chemistry,0.33790802826985006,0.03537261171129113,0.8366703611753707
axis4,MultiChallenge,Advanced Language and Writing,0.33710561662758165,0.036359831285148345,0.7029371025623804
axis4,Mystery Game Puzzles,General Reasoning,0.33357029066813204,0.05851019613478465,0.6771654148695966
axis4,CursorBench,Autonomous SWE,0.32988865376792254,0.03358599962180853,0.5767369483583039
axis4,MindCube,Multimodal Understanding,0.30898673762491713,0.016808067260354692,1.1191504601290803
axis4,OS World (Screenshot),Agentic Computer Use,0.29622447720283157,0.010071897472647268,1.37682531280839
axis4,WeirdML,Autonomous SWE,0.2937757087554071,0.08075866214738359,0.612015087024058
axis4,Humanity's Last Exam,Domain Specific Questions,0.2914035433135582,0.05586314013168865,0.5499537065222703
axis4,VisualToolBench,Multimodal Understanding,0.28705478051759764,0.030395148980322535,0.7008552796428602
axis4,METR Time Horizons,Autonomous SWE,0.28584325703956714,0.13194383007671706,0.4251204062936336
axis4,SWE-Bench Pro (Private),Autonomous SWE,0.28187227583759733,0.010001841648124612,1.0423700590435867
axis4,MMLU Pro Biology,Biology,0.2814373844237219,0.0112309490669045,0.7102893935842586
axis4,SpatialViz-Bench,Multimodal Understanding,0.28095772347881354,0.01835147521970018,0.8830990251658
axis4,FrontierMath,High End Math Reasoning,0.2795599554543958,0.02461714431396012,0.8956086424211945
axis4,PIQA,General Reasoning,0.2762176124740843,0.07973266222496035,0.37212465957076785
axis4,Lech Mazur Writing,Advanced Language and Writing,0.2729468061249477,0.054834371001827795,0.5178326120497327
axis4,Visual Task Assessment (VISTA),Multimodal Understanding,0.2596020923534975,0.003382237745812439,0.41669731431205964
axis4,GPQA Main Biology,Biology,0.2535053189348081,0.016009457181470992,0.7745796808835795
axis4,Remote Labor Index,Core AGI Progress,0.2516349229422913,0.008532033794399324,1.1787151461143035
axis4,ARC-AGI-2,Core AGI Progress,0.2500912386003351,0.009920956825412254,1.33334514768698
axis4,Cybench,Agentic Computer Use,0.24230661816868038,0.009333585868044354,1.2371207982151313
axis4,DeepResearchBench,Agentic Computer Use,0.23590034731857376,0.028094669409241046,0.6302682631453598
axis4,LAB-Bench SeqQA,Biology,0.23387376885052696,0.029968912967963293,0.520351389709609
axis4,GeoBench,Multimodal Understanding,0.225124802542926,0.009813838783429321,0.7271931551692946
axis4,LAMBADA,General Reasoning,0.22245353241817373,0.03665682241095341,0.410371737835532
axis4,WMDP Biology,Biology,0.21819666311299069,0.03283091694834242,0.4608084759337091
axis4,MCP Atlas,Agentic Computer Use,0.21754571595109046,0.016559544647417473,0.5987700512208658
axis4,GPQA Diamond Biology,Biology,0.2070239515629178,0.011736708399526258,0.6915843892557749
axis4,OTIS Mock AIME 2024-2025,High End Math Reasoning,0.2043049508428874,0.017297859148681118,0.6358443348109751
axis4,GDP.pdf,Core AGI Progress,0.1959922594609804,0.007785628760367791,0.6551719914359518
axis4,AudioMultiChallenge,Multimodal Understanding,0.18658592251682454,0.012289864666184275,0.49772649057321106
axis4,WMDP Chemistry,Chemistry,0.18400300116436638,0.019602349911124552,0.521543427830885
axis4,CL-Bench Life,Domain Specific Questions,0.17180760949797363,0.015922262671504584,0.4889208483215195
axis4,Video-MME,Multimodal Understanding,0.1676811637074589,0.005981430744378409,0.48860363138744534
axis4,SciCode,Autonomous SWE,0.15604995592017817,0.07470532022782574,0.2507540119263165
axis4,PRBench Legal,Domain Specific Questions,0.1451264311836997,0.025978537225944617,0.2975847697260352
axis4,PRBench Finance,Domain Specific Questions,0.1406032226787105,0.019364588928367146,0.2948402414877962
axis4,MMLU Biology,Biology,0.14016865019422242,0.016276497268202992,0.33422788105637774
axis4,MATH Level 5,High End Math Reasoning,0.13675170101558354,0.009297150275698598,0.4979717140647921
axis4,LAB-Bench LitQA2,Biology,0.13264764119251848,0.010384588329770694,0.39782704733612606
axis4,ForecastBench,General Reasoning,0.1324135321374303,0.011103456924262615,0.3130794389464944
axis4,SEAL Instruction Following,Advanced Language and Writing,0.1166567158481263,0.007305324800484449,0.38075164585447036
axis4,TutorBench,Advanced Language and Writing,0.1127643174561482,0.007185519881755362,0.2972728360403059
axis4,MMLU Chemistry,Chemistry,0.10189411443011646,0.0051355468894826815,0.4155550896514359
axis4,CL-Bench,Domain Specific Questions,0.10167932043717143,0.007057995345612187,0.29287403645450555
