benchmark,n_obs,A1_modeA,A2_modeA,A3_modeA,A1_modeB,A2_modeB,A3_modeB,share1_A,share2_A,share3_A,share1_B,share2_B,share3_B,max_share_shift
OpenBookQA,43,0.297,0.06,1.399,0.33,1.363,0.052,0.169,0.034,0.796,0.189,0.781,0.03,0.767
ARC (AI2),77,0.545,0.085,1.544,0.558,1.564,0.071,0.251,0.039,0.71,0.254,0.713,0.033,0.678
Adversarial NLI,12,0.308,0.228,1.552,0.386,1.518,0.228,0.147,0.109,0.744,0.181,0.712,0.107,0.637
VPCT,39,0.278,3.183,0.455,0.671,1.43,2.317,0.071,0.813,0.116,0.152,0.324,0.524,0.489
ScienceQA,24,0.296,0.143,0.857,0.241,0.558,0.174,0.228,0.11,0.661,0.248,0.573,0.179,0.482
BIG-Bench Hard (BBH),52,0.81,0.153,1.086,0.856,1.156,0.143,0.395,0.075,0.53,0.397,0.536,0.066,0.464
GSM8K,94,1.204,0.082,1.184,1.333,1.327,0.067,0.487,0.033,0.479,0.489,0.487,0.024,0.455
CSQA2,8,0.203,0.554,1.482,0.265,1.308,0.568,0.091,0.247,0.662,0.124,0.611,0.265,0.397
MMLU,181,0.864,0.113,0.69,0.851,0.845,0.147,0.518,0.068,0.414,0.462,0.458,0.08,0.391
MATH Level 5,111,1.699,1.717,0.051,1.895,0.421,1.31,0.49,0.495,0.015,0.523,0.116,0.361,0.379
OTIS Mock AIME 2024-2025,223,2.138,2.221,0.079,2.584,0.635,1.539,0.482,0.5,0.018,0.543,0.133,0.323,0.367
BoolQ,78,0.466,0.266,0.775,0.463,0.791,0.248,0.309,0.177,0.514,0.308,0.526,0.165,0.35
TutorBench,27,0.121,0.349,0.05,0.276,0.243,0.22,0.232,0.671,0.097,0.373,0.329,0.298,0.342
ARC-AGI,179,0.854,2.727,0.734,1.237,1.425,2.105,0.198,0.632,0.17,0.26,0.299,0.442,0.333
Cybench,22,0.309,1.47,1.158,0.152,0.468,1.65,0.105,0.5,0.394,0.067,0.206,0.727,0.333
ARC-AGI-2,168,0.92,3.68,1.258,1.417,1.894,3.056,0.157,0.628,0.215,0.223,0.297,0.48,0.331
VisualToolBench,20,0.772,1.381,0.35,1.117,0.64,1.124,0.308,0.552,0.14,0.388,0.222,0.39,0.33
Humanity's Last Exam,46,0.813,1.33,0.246,1.124,0.646,0.965,0.34,0.557,0.103,0.411,0.236,0.353,0.321
SuperGLUE,9,0.413,0.322,0.805,0.447,0.76,0.312,0.268,0.209,0.523,0.294,0.5,0.205,0.317
DeepSWE,50,0.912,1.688,0.776,1.081,0.668,1.659,0.27,0.5,0.23,0.317,0.196,0.487,0.304
SimpleQA Verified,111,0.111,1.027,0.181,0.453,0.926,0.527,0.084,0.778,0.137,0.238,0.486,0.276,0.292
MCP Atlas,30,0.157,1.099,0.294,0.299,0.865,0.836,0.101,0.709,0.19,0.149,0.433,0.418,0.277
CL-Bench,22,0.488,0.387,0.136,0.532,0.111,0.379,0.483,0.383,0.134,0.521,0.109,0.371,0.274
PRBench Finance,32,0.095,0.341,0.148,0.119,0.201,0.315,0.163,0.584,0.253,0.187,0.317,0.496,0.267
SEAL Instruction Following,18,0.418,0.293,0.106,0.322,0.187,0.331,0.511,0.359,0.13,0.383,0.222,0.395,0.265
PRBench Legal,32,0.09,0.359,0.117,0.138,0.245,0.278,0.159,0.635,0.206,0.209,0.371,0.42,0.264
Remote Labor Index,19,0.229,0.808,0.919,0.199,0.265,1.272,0.117,0.413,0.47,0.115,0.153,0.733,0.263
WeirdML,160,0.678,0.698,0.567,0.469,0.284,0.902,0.349,0.359,0.292,0.284,0.171,0.545,0.253
FrontierMath Tier 4 v1,72,1.429,1.414,0.939,1.139,0.627,1.763,0.378,0.374,0.248,0.323,0.178,0.5,0.251
CursorBench,31,0.467,0.81,0.516,0.502,0.371,0.931,0.261,0.452,0.288,0.278,0.206,0.516,0.246
LAB-Bench SeqQA,34,0.645,0.621,0.216,0.692,0.274,0.554,0.435,0.419,0.146,0.455,0.18,0.364,0.239
METR Time Horizons,50,0.351,0.611,0.379,0.261,0.339,0.65,0.262,0.456,0.283,0.209,0.271,0.52,0.237
PostTrainBench,32,0.437,0.377,0.634,0.219,0.194,0.849,0.302,0.26,0.438,0.174,0.154,0.673,0.235
MMLU-Pro,55,0.813,0.288,0.426,0.69,0.748,0.332,0.533,0.189,0.279,0.39,0.423,0.187,0.234
Surface Evolver Bench,24,1.336,0.754,0.814,1.113,0.266,1.458,0.46,0.26,0.28,0.392,0.094,0.514,0.234
SciCode,128,0.277,0.4,0.169,0.284,0.212,0.371,0.327,0.473,0.2,0.328,0.244,0.428,0.229
TerminalBench,59,0.64,1.263,0.922,0.539,0.664,1.499,0.226,0.447,0.326,0.199,0.246,0.555,0.228
PIQA,61,0.173,0.181,0.318,0.182,0.326,0.166,0.257,0.27,0.473,0.27,0.483,0.247,0.227
APEX Agents,55,0.55,0.985,0.589,0.579,0.514,1.075,0.259,0.464,0.277,0.267,0.237,0.496,0.227
MMLU Chemistry,38,0.527,0.582,0.101,0.64,0.346,0.37,0.436,0.481,0.083,0.472,0.255,0.273,0.226
CritPt,138,1.349,1.435,0.687,1.34,0.672,1.473,0.389,0.413,0.198,0.385,0.193,0.423,0.225
BALROG,35,0.511,0.42,0.372,0.261,0.742,0.355,0.393,0.322,0.285,0.193,0.546,0.261,0.224
HellaSwag,77,0.212,0.42,0.686,0.226,0.695,0.395,0.161,0.319,0.52,0.172,0.528,0.3,0.22
FrontierMath Tier 4,44,2.667,1.083,1.386,2.241,0.263,2.305,0.519,0.211,0.27,0.466,0.055,0.479,0.209
Fiction.LiveBench,41,1.022,1.356,0.483,1.224,0.828,1.018,0.357,0.474,0.169,0.399,0.27,0.332,0.204
EBR-bench,19,0.287,1.065,1.05,0.248,0.571,1.447,0.119,0.443,0.437,0.109,0.252,0.639,0.202
FrontierMath,43,1.895,0.654,0.896,1.695,0.076,1.515,0.55,0.19,0.26,0.516,0.023,0.461,0.201
GPQA Diamond,249,1.227,1.0,0.237,1.37,0.571,0.788,0.498,0.406,0.096,0.502,0.209,0.289,0.197
WinoGrande,81,0.385,0.426,0.674,0.381,0.722,0.393,0.259,0.287,0.454,0.255,0.483,0.263,0.196
EnigmaEval,46,1.087,1.142,0.461,1.105,0.747,1.074,0.404,0.424,0.171,0.378,0.255,0.367,0.196
SWE-Bench Pro (Private),14,0.264,1.05,0.947,0.229,0.567,1.239,0.117,0.465,0.419,0.112,0.279,0.609,0.19
Chess Puzzles,144,1.894,0.709,0.09,1.65,0.463,0.603,0.703,0.263,0.033,0.607,0.171,0.222,0.189
ProofBench,52,0.767,0.528,1.546,0.475,0.261,1.974,0.27,0.186,0.544,0.175,0.096,0.729,0.184
CL-Bench Life,17,0.758,0.366,0.194,0.789,0.17,0.474,0.575,0.278,0.147,0.55,0.119,0.331,0.184
Mystery Game Puzzles,46,0.996,0.443,0.36,0.797,0.259,0.654,0.554,0.246,0.2,0.466,0.152,0.382,0.182
GSO-Bench,38,0.282,1.153,1.339,0.098,0.73,1.637,0.102,0.416,0.483,0.04,0.296,0.664,0.181
ExploitBench,9,0.664,0.524,0.986,0.442,0.333,1.316,0.305,0.241,0.454,0.211,0.159,0.629,0.175
WMDP Biology,34,0.76,0.036,0.205,0.84,0.172,0.037,0.759,0.036,0.205,0.801,0.164,0.036,0.169
MMLU Pro Biology,33,0.873,0.291,0.288,0.817,0.608,0.226,0.601,0.201,0.198,0.495,0.368,0.137,0.168
SWE-Bench Verified,33,0.235,0.582,0.538,0.123,0.442,0.709,0.174,0.429,0.397,0.096,0.347,0.557,0.16
GPQA Main Chemistry,38,1.481,1.215,0.314,1.776,0.854,0.854,0.492,0.404,0.104,0.51,0.245,0.245,0.159
SimpleBench,91,0.176,1.229,0.453,0.548,1.576,0.997,0.095,0.662,0.244,0.175,0.505,0.319,0.157
DeepResearchBench,36,0.107,0.304,0.116,0.131,0.332,0.28,0.204,0.576,0.22,0.176,0.447,0.377,0.157
Visual Task Assessment (VISTA),63,0.216,0.402,0.078,0.36,0.41,0.2,0.31,0.578,0.113,0.371,0.423,0.206,0.155
LAB-Bench Protocol,34,0.777,0.376,0.505,0.814,0.639,0.256,0.469,0.227,0.304,0.476,0.374,0.15,0.155
GPQA Diamond Chemistry,38,1.528,1.241,0.478,1.692,0.796,0.971,0.471,0.382,0.147,0.489,0.23,0.281,0.152
LAMBADA,26,0.156,0.273,0.176,0.161,0.184,0.265,0.258,0.451,0.291,0.263,0.302,0.435,0.149
SEAL Tool Use (Enterprise),35,0.658,0.38,0.426,0.489,0.61,0.399,0.45,0.259,0.291,0.326,0.407,0.266,0.148
Video-MME,50,0.417,0.086,0.147,0.488,0.205,0.061,0.642,0.132,0.227,0.648,0.271,0.081,0.146
OS World 2,8,0.431,0.485,0.873,0.315,0.373,1.191,0.241,0.271,0.488,0.168,0.199,0.634,0.146
The Agent Company,14,1.0,0.983,1.124,0.485,1.093,1.156,0.322,0.316,0.362,0.177,0.4,0.423,0.145
GPQA Main Biology,35,0.904,0.49,0.25,0.982,0.27,0.431,0.55,0.298,0.152,0.583,0.161,0.256,0.137
GPQA Diamond Biology,35,0.728,0.45,0.175,0.817,0.288,0.337,0.538,0.333,0.129,0.566,0.2,0.234,0.133
MultiNRC,44,0.772,0.958,0.51,0.822,0.736,0.851,0.345,0.428,0.228,0.341,0.305,0.353,0.125
BlueprintBench 2,22,0.613,0.5,1.203,0.532,0.251,1.388,0.265,0.216,0.519,0.245,0.116,0.639,0.12
MultiChallenge,30,0.263,0.512,0.132,0.398,0.532,0.267,0.29,0.565,0.145,0.332,0.444,0.223,0.12
ForecastBench,75,0.223,0.122,0.082,0.203,0.195,0.098,0.523,0.285,0.192,0.41,0.393,0.197,0.114
BioLP-bench,32,1.32,0.902,0.452,1.386,0.618,0.73,0.494,0.337,0.169,0.507,0.226,0.267,0.111
LAB-Bench LitQA2,33,0.212,0.372,0.181,0.256,0.32,0.275,0.277,0.487,0.237,0.301,0.376,0.323,0.111
SpatialViz-Bench,8,0.464,0.568,0.329,0.504,0.431,0.467,0.341,0.418,0.242,0.36,0.307,0.333,0.11
AudioMultiChallenge,25,0.374,0.575,0.201,0.376,0.438,0.3,0.325,0.5,0.175,0.338,0.393,0.269,0.107
SWE-Bench Pro,25,0.282,0.502,0.789,0.151,0.401,0.848,0.18,0.319,0.501,0.108,0.287,0.606,0.104
CAD-Eval,15,0.284,1.439,0.885,0.408,1.165,0.986,0.109,0.552,0.339,0.16,0.455,0.385,0.096
Aider Polyglot,70,0.996,1.563,1.306,0.773,1.317,1.546,0.258,0.404,0.338,0.213,0.362,0.425,0.087
GDPval,12,0.859,0.188,1.027,0.328,0.121,0.543,0.414,0.091,0.495,0.33,0.122,0.547,0.084
GeoBench,32,0.325,0.355,0.171,0.449,0.328,0.203,0.382,0.418,0.201,0.458,0.335,0.207,0.083
OS World (Screenshot),10,0.508,0.545,0.968,0.425,0.339,0.954,0.251,0.27,0.479,0.248,0.197,0.555,0.076
GDP.pdf,20,0.323,0.142,0.636,0.333,0.093,0.793,0.294,0.129,0.577,0.273,0.076,0.65,0.073
Lech Mazur Writing,49,0.227,0.259,0.333,0.152,0.25,0.336,0.278,0.316,0.407,0.206,0.339,0.456,0.072
FrontierCode,20,0.192,0.224,0.748,0.18,0.201,0.947,0.165,0.192,0.643,0.136,0.151,0.713,0.071
MindCube,5,0.575,0.387,0.438,0.633,0.451,0.369,0.411,0.277,0.313,0.436,0.31,0.254,0.059
WMDP Chemistry,37,0.953,0.167,0.141,1.065,0.241,0.073,0.756,0.132,0.112,0.772,0.175,0.053,0.059
LiveBench,52,0.777,0.681,0.383,0.814,0.682,0.534,0.422,0.37,0.208,0.401,0.336,0.263,0.055
MMLU Pro Chemistry,36,1.336,0.6,0.335,1.417,0.615,0.455,0.589,0.264,0.147,0.57,0.247,0.183,0.036
MMLU Biology,35,0.247,0.274,0.18,0.287,0.275,0.19,0.352,0.391,0.257,0.382,0.366,0.253,0.03
LAB-Bench Cloning,34,1.144,0.381,0.868,0.992,0.343,0.686,0.478,0.159,0.363,0.491,0.17,0.339,0.023
TriviaQA,40,0.328,0.406,0.369,0.348,0.405,0.368,0.297,0.368,0.334,0.31,0.362,0.328,0.013
GBAEval,21,0.281,0.323,2.206,0.285,0.288,2.045,0.1,0.115,0.785,0.109,0.11,0.781,0.009
